name,city,address,rating,reviews_count,cuisine,price_range,tripadvisor_url
(217 reviews),Kuwait City,,,0,,,https://www.tripadvisor.com/Restaurant_Review-g294003-d1101363-Reviews-Al_Boom_Steak_Seafood_Restaurant-Kuwait_City.html#REVIEWS
(353 reviews),Kuwait City,,,0,,,https://www.tripadvisor.com/Restaurant_Review-g294003-d20130767-Reviews-Principale_Ristorante_Di_Nino-Kuwait_City.html#REVIEWS
(413 reviews),Kuwait City,,,0,,,https://www.tripadvisor.com/Restaurant_Review-g294003-d7217943-Reviews-Pepper_Steakhouse-Kuwait_City.html#REVIEWS
(449 reviews),Kuwait City,,,0,,,https://www.tripadvisor.com/Restaurant_Review-g294003-d7374041-Reviews-Olio_Trattoria_Italiana-Kuwait_City.html#REVIEWS
(240 reviews),Kuwait City,,,0,,,https://www.tripadvisor.com/Restaurant_Review-g294003-d12218702-Reviews-Blendz-Kuwait_City.html#REVIEWS
(483 reviews),Kuwait City,,,0,,,https://www.tripadvisor.com/Restaurant_Review-g294003-d12215995-Reviews-Jamawar_Indian_Restaurant-Kuwait_City.html#REVIEWS
(103 reviews),Kuwait City,,,0,,,https://www.tripadvisor.com/Restaurant_Review-g294003-d24941506-Reviews-Saheel_Lounge-Kuwait_City.html#REVIEWS
(245 reviews),Kuwait City,,,0,,,https://www.tripadvisor.com/Restaurant_Review-g294003-d2454411-Reviews-Soul_and_Spice-Kuwait_City.html#REVIEWS
(185 reviews),Kuwait City,,,0,,,https://www.tripadvisor.com/Restaurant_Review-g294003-d25278059-Reviews-Mei_Li-Kuwait_City.html#REVIEWS
(55 reviews),Kuwait City,,,0,,,https://www.tripadvisor.com/Restaurant_Review-g294003-d20306412-Reviews-Mint_Cafe-Kuwait_City.html#REVIEWS
(53 reviews),Kuwait City,,,0,,,https://www.tripadvisor.com/Restaurant_Review-g294003-d24931532-Reviews-ROKA_Kuwait-Kuwait_City.html#REVIEWS
(207 reviews),Kuwait City,,,0,,,https://www.tripadvisor.com/Restaurant_Review-g294003-d795000-Reviews-Asha_s-Kuwait_City.html#REVIEWS
(25 reviews),Kuwait City,,,0,,,https://www.tripadvisor.com/Restaurant_Review-g294003-d20263469-Reviews-Garden_Cafe-Kuwait_City.html#REVIEWS
"(1,299 reviews)",Kuwait City,,,0,,,https://www.tripadvisor.com/Restaurant_Review-g294003-d1855076-Reviews-Mais_Alghanim-Kuwait_City.html#REVIEWS
(107 reviews),Kuwait City,,,0,,,https://www.tripadvisor.com/Restaurant_Review-g294003-d8093104-Reviews-Sushi_Japanese_Restaurant-Kuwait_City.html#REVIEWS
(250 reviews),Kuwait City,,,0,,,https://www.tripadvisor.com/Restaurant_Review-g294003-d3179151-Reviews-Atrium_Restaurant_Lounge-Kuwait_City.html#REVIEWS
(180 reviews),Kuwait City,,,0,,,https://www.tripadvisor.com/Restaurant_Review-g294003-d21258918-Reviews-Together_Co_Restaurant-Kuwait_City.html#REVIEWS
(537 reviews),Kuwait City,,,0,,,https://www.tripadvisor.com/Restaurant_Review-g294003-d1929300-Reviews-Freij_Sweileh-Kuwait_City.html#REVIEWS
(90 reviews),Kuwait City,,,0,,,https://www.tripadvisor.com/Restaurant_Review-g294003-d6465891-Reviews-Kashounat_Al_Bait-Kuwait_City.html#REVIEWS
(37 reviews),Kuwait City,,,0,,,https://www.tripadvisor.com/Restaurant_Review-g294003-d15849012-Reviews-Freej_Suwaileh_Restaurant-Kuwait_City.html#REVIEWS
(98 reviews),Kuwait City,,,0,,,https://www.tripadvisor.com/Restaurant_Review-g294003-d9778752-Reviews-Kateh-Kuwait_City.html#REVIEWS
(449 reviews),Kuwait City,,,0,,,https://www.tripadvisor.com/Restaurant_Review-g294003-d1128103-Reviews-Sakura_Japanese_Restaurant-Kuwait_City.html#REVIEWS
(31 reviews),Kuwait City,,,0,,,https://www.tripadvisor.com/Restaurant_Review-g294003-d17804443-Reviews-300F_Smokehouse_Restaurant-Kuwait_City.html#REVIEWS
(245 reviews),Kuwait City,,,0,,,https://www.tripadvisor.com/Restaurant_Review-g294003-d8278257-Reviews-Crowne_Plaza_Kuwait_Rib_Eye-Kuwait_City.html#REVIEWS
(45 reviews),Kuwait City,,,0,,,https://www.tripadvisor.com/Restaurant_Review-g294003-d3462344-Reviews-Horizon_Kuwait_Towers_Restaurant-Kuwait_City.html#REVIEWS
(33 reviews),Kuwait City,,,0,,,https://www.tripadvisor.com/Restaurant_Review-g294003-d7675467-Reviews-Lobby_Lounge-Kuwait_City.html#REVIEWS
(177 reviews),Kuwait City,,,0,,,https://www.tripadvisor.com/Restaurant_Review-g294003-d12172144-Reviews-Shabestan_Iranian_Restaurant-Kuwait_City.html#REVIEWS
(840 reviews),Kuwait City,,,0,,,https://www.tripadvisor.com/Restaurant_Review-g294003-d3727668-Reviews-The_Cheesecake_Factory-Kuwait_City.html#REVIEWS
(146 reviews),Kuwait City,,,0,,,https://www.tripadvisor.com/Restaurant_Review-g294003-d7617651-Reviews-Sultanchef_Steakhause-Kuwait_City.html#REVIEWS
(37 reviews),Kuwait City,,,0,,,https://www.tripadvisor.com/Restaurant_Review-g294003-d11964378-Reviews-Al_Shamam_Restaurant-Kuwait_City.html#REVIEWS
(17 reviews),Kuwait City,,,0,,,https://www.tripadvisor.com/Restaurant_Review-g294003-d26732182-Reviews-Bays_International_Restaurant-Kuwait_City.html#REVIEWS
(111 reviews),Kuwait City,,,0,,,https://www.tripadvisor.com/Restaurant_Review-g294003-d3158138-Reviews-Cucina_Restaurant-Kuwait_City.html#REVIEWS
(244 reviews),Kuwait City,,,0,,,https://www.tripadvisor.com/Restaurant_Review-g294003-d2181311-Reviews-SOLO_Pizza_Napulitana-Kuwait_City.html#REVIEWS
(157 reviews),Kuwait City,,,0,,,https://www.tripadvisor.com/Restaurant_Review-g294003-d3941723-Reviews-Assaha_Lebanese_Traditional_Village_Restaurant-Kuwait_City.html#REVIEWS
(40 reviews),Kuwait City,,,0,,,https://www.tripadvisor.com/Restaurant_Review-g294003-d17388487-Reviews-Vigonovo-Kuwait_City.html#REVIEWS
Caribbean Hut Restaurant,Kuwait City,,,0,,,https://www.tripadvisor.com/Restaurant_Review-g294003-d4080252-Reviews-Caribbean_Hut_Restaurant-Kuwait_City.html
(34 reviews),Salmiya,,,0,,,https://www.tripadvisor.com/Restaurant_Review-g488160-d33238153-Reviews-Huqqabaz_Kuwait-Salmiya_Hawalli_Governorate.html#REVIEWS
(227 reviews),Salmiya,,,0,,,https://www.tripadvisor.com/Restaurant_Review-g488160-d8487180-Reviews-Jamawar_Indian_Restuarant-Salmiya_Hawalli_Governorate.html#REVIEWS
(181 reviews),Salmiya,,,0,,,https://www.tripadvisor.com/Restaurant_Review-g488160-d2323734-Reviews-Al_Diwan_Restaurant-Salmiya_Hawalli_Governorate.html#REVIEWS
(154 reviews),Salmiya,,,0,,,https://www.tripadvisor.com/Restaurant_Review-g488160-d5283408-Reviews-Peacock_Chinese_Restaurant-Salmiya_Hawalli_Governorate.html#REVIEWS
(161 reviews),Salmiya,,,0,,,https://www.tripadvisor.com/Restaurant_Review-g488160-d2323706-Reviews-Ayam_Zaman_Lebanese_Restaurant-Salmiya_Hawalli_Governorate.html#REVIEWS
(331 reviews),Salmiya,,,0,,,https://www.tripadvisor.com/Restaurant_Review-g488160-d11915794-Reviews-Babel-Salmiya_Hawalli_Governorate.html#REVIEWS
(210 reviews),Salmiya,,,0,,,https://www.tripadvisor.com/Restaurant_Review-g488160-d2323712-Reviews-Tang_Chao_Chinese_Restaurant-Salmiya_Hawalli_Governorate.html#REVIEWS
(244 reviews),Salmiya,,,0,,,https://www.tripadvisor.com/Restaurant_Review-g488160-d8870691-Reviews-Dar_Hamad-Salmiya_Hawalli_Governorate.html#REVIEWS
(33 reviews),Salmiya,,,0,,,https://www.tripadvisor.com/Restaurant_Review-g488160-d12086502-Reviews-Asha_s-Salmiya_Hawalli_Governorate.html#REVIEWS
(9 reviews),Salmiya,,,0,,,https://www.tripadvisor.com/Restaurant_Review-g488160-d17178292-Reviews-Fish_Market-Salmiya_Hawalli_Governorate.html#REVIEWS
(2 reviews),Salmiya,,,0,,,https://www.tripadvisor.com/Restaurant_Review-g488160-d34145073-Reviews-Olla_Restaurant-Salmiya_Hawalli_Governorate.html#REVIEWS
(17 reviews),Salmiya,,,0,,,https://www.tripadvisor.com/Restaurant_Review-g488160-d13384260-Reviews-Al_Sultan_Brahim-Salmiya_Hawalli_Governorate.html#REVIEWS
(168 reviews),Salmiya,,,0,,,https://www.tripadvisor.com/Restaurant_Review-g488160-d3958958-Reviews-Mughal_Mahal_Salmiya_Elite-Salmiya_Hawalli_Governorate.html#REVIEWS
(10 reviews),Salmiya,,,0,,,https://www.tripadvisor.com/Restaurant_Review-g488160-d27128114-Reviews-Misk-Salmiya_Hawalli_Governorate.html#REVIEWS
(35 reviews),Salmiya,,,0,,,https://www.tripadvisor.com/Restaurant_Review-g488160-d12667675-Reviews-Dampa_Feast_Salmiya-Salmiya_Hawalli_Governorate.html#REVIEWS
(64 reviews),Salmiya,,,0,,,https://www.tripadvisor.com/Restaurant_Review-g488160-d8575123-Reviews-Sabaidee_Thai_Cuisine-Salmiya_Hawalli_Governorate.html#REVIEWS
(130 reviews),Salmiya,,,0,,,https://www.tripadvisor.com/Restaurant_Review-g488160-d4154227-Reviews-Sakura_Holiday_Inn_Salmiya-Salmiya_Hawalli_Governorate.html#REVIEWS
(172 reviews),Salmiya,,,0,,,https://www.tripadvisor.com/Restaurant_Review-g488160-d2323827-Reviews-Rib_Eye_Steak_House_at_Holiday_Inn-Salmiya_Hawalli_Governorate.html#REVIEWS
(23 reviews),Salmiya,,,0,,,https://www.tripadvisor.com/Restaurant_Review-g488160-d7377714-Reviews-Wah_Ji_Wah-Salmiya_Hawalli_Governorate.html#REVIEWS
(21 reviews),Salmiya,,,0,,,https://www.tripadvisor.com/Restaurant_Review-g488160-d13778765-Reviews-IL_TERRAZZO-Salmiya_Hawalli_Governorate.html#REVIEWS
(34 reviews),Salmiya,,,0,,,https://www.tripadvisor.com/Restaurant_Review-g488160-d13204240-Reviews-Calicut_Live-Salmiya_Hawalli_Governorate.html#REVIEWS
(10 reviews),Salmiya,,,0,,,https://www.tripadvisor.com/Restaurant_Review-g488160-d34433461-Reviews-C_Lounge_Kuwait_Grand_Hotel-Salmiya_Hawalli_Governorate.html#REVIEWS
(86 reviews),Salmiya,,,0,,,https://www.tripadvisor.com/Restaurant_Review-g488160-d4266069-Reviews-Le_Pain_Quotidien-Salmiya_Hawalli_Governorate.html#REVIEWS
(140 reviews),Salmiya,,,0,,,https://www.tripadvisor.com/Restaurant_Review-g488160-d4788935-Reviews-P_F_Chang_s-Salmiya_Hawalli_Governorate.html#REVIEWS
(53 reviews),Salmiya,,,0,,,https://www.tripadvisor.com/Restaurant_Review-g488160-d7707935-Reviews-Gia_Cafe-Salmiya_Hawalli_Governorate.html#REVIEWS
(25 reviews),Salmiya,,,0,,,https://www.tripadvisor.com/Restaurant_Review-g488160-d5260330-Reviews-Phuket_Thai_Restaurant-Salmiya_Hawalli_Governorate.html#REVIEWS
(37 reviews),Salmiya,,,0,,,https://www.tripadvisor.com/Restaurant_Review-g488160-d9783410-Reviews-Avanti_Palace-Salmiya_Hawalli_Governorate.html#REVIEWS
(36 reviews),Salmiya,,,0,,,https://www.tripadvisor.com/Restaurant_Review-g488160-d2189441-Reviews-Atlantis_at_The_Safir_Marina_Hotel-Salmiya_Hawalli_Governorate.html#REVIEWS
(43 reviews),Salmiya,,,0,,,https://www.tripadvisor.com/Restaurant_Review-g488160-d5003947-Reviews-Melenzane-Salmiya_Hawalli_Governorate.html#REVIEWS
(5 reviews),Salmiya,,,0,,,https://www.tripadvisor.com/Restaurant_Review-g488160-d17068205-Reviews-Mughal_Mahal_Exotica-Salmiya_Hawalli_Governorate.html#REVIEWS
(10 reviews),Salmiya,,,0,,,https://www.tripadvisor.com/Restaurant_Review-g488160-d10145162-Reviews-Olivo-Salmiya_Hawalli_Governorate.html#REVIEWS
(21 reviews),Salmiya,,,0,,,https://www.tripadvisor.com/Restaurant_Review-g488160-d10321621-Reviews-Magnet-Salmiya_Hawalli_Governorate.html#REVIEWS
(32 reviews),Hawalli,,,0,,,https://www.tripadvisor.com/Restaurant_Review-g667212-d8802183-Reviews-Mughal_Mahal_Hawally-Hawalli_Hawalli_Governorate.html#REVIEWS
(6 reviews),Hawalli,,,0,,,https://www.tripadvisor.com/Restaurant_Review-g667212-d7704407-Reviews-Al_Habesha_Restaurant-Hawalli_Hawalli_Governorate.html#REVIEWS
(63 reviews),Hawalli,,,0,,,https://www.tripadvisor.com/Restaurant_Review-g667212-d1817149-Reviews-The_Early_Bird-Hawalli_Hawalli_Governorate.html#REVIEWS
(45 reviews),Hawalli,,,0,,,https://www.tripadvisor.com/Restaurant_Review-g667212-d4325203-Reviews-Ashas_Kuwait-Hawalli_Hawalli_Governorate.html#REVIEWS
(2 reviews),Hawalli,,,0,,,https://www.tripadvisor.com/Restaurant_Review-g667212-d15656897-Reviews-Fish_Store-Hawalli_Hawalli_Governorate.html#REVIEWS
(1 review),Hawalli,,,0,,,https://www.tripadvisor.com/Restaurant_Review-g667212-d24996238-Reviews-Haiso_Japanese_Thai_Restaurant-Hawalli_Hawalli_Governorate.html#REVIEWS
(6 reviews),Hawalli,,,0,,,https://www.tripadvisor.com/Restaurant_Review-g667212-d12878388-Reviews-Gulf_Royal_Chinese_Restaurant-Hawalli_Hawalli_Governorate.html#REVIEWS
(71 reviews),Hawalli,,,0,,,https://www.tripadvisor.com/Restaurant_Review-g667212-d4353601-Reviews-Starbucks-Hawalli_Hawalli_Governorate.html#REVIEWS
(15 reviews),Hawalli,,,0,,,https://www.tripadvisor.com/Restaurant_Review-g667212-d8311245-Reviews-Cafe_Bazza_Mohallab-Hawalli_Hawalli_Governorate.html#REVIEWS
(9 reviews),Hawalli,,,0,,,https://www.tripadvisor.com/Restaurant_Review-g667212-d12705576-Reviews-BurgerFi-Hawalli_Hawalli_Governorate.html#REVIEWS
(10 reviews),Hawalli,,,0,,,https://www.tripadvisor.com/Restaurant_Review-g667212-d13335516-Reviews-Arabiata-Hawalli_Hawalli_Governorate.html#REVIEWS
(5 reviews),Hawalli,,,0,,,https://www.tripadvisor.com/Restaurant_Review-g667212-d21396779-Reviews-Konafa_Habiba-Hawalli_Hawalli_Governorate.html#REVIEWS
(6 reviews),Hawalli,,,0,,,https://www.tripadvisor.com/Restaurant_Review-g667212-d12919348-Reviews-Tabakh_AL_Freej_Arabic_Restaurant-Hawalli_Hawalli_Governorate.html#REVIEWS
(0 reviews),Hawalli,,,0,,,https://www.tripadvisor.com/Restaurant_Review-g667212-d23128852-Reviews-Shabab_Al_Mubarak_Restaurant-Hawalli_Hawalli_Governorate.html#REVIEWS
(1 review),Hawalli,,,0,,,https://www.tripadvisor.com/Restaurant_Review-g667212-d23273676-Reviews-The_pizzeria-Hawalli_Hawalli_Governorate.html#REVIEWS
(2 reviews),Hawalli,,,0,,,https://www.tripadvisor.com/Restaurant_Review-g667212-d21362134-Reviews-Canary_Restaurant-Hawalli_Hawalli_Governorate.html#REVIEWS
(4 reviews),Hawalli,,,0,,,https://www.tripadvisor.com/Restaurant_Review-g667212-d14182783-Reviews-Manaeesh_Am_Darweesh-Hawalli_Hawalli_Governorate.html#REVIEWS
(48 reviews),Hawalli,,,0,,,https://www.tripadvisor.com/Restaurant_Review-g667212-d807298-Reviews-Burger_King-Hawalli_Hawalli_Governorate.html#REVIEWS
(5 reviews),Hawalli,,,0,,,https://www.tripadvisor.com/Restaurant_Review-g667212-d7893499-Reviews-Sukai_Resturant-Hawalli_Hawalli_Governorate.html#REVIEWS
(1 review),Hawalli,,,0,,,https://www.tripadvisor.com/Restaurant_Review-g667212-d23379373-Reviews-Kofteci_Pasha-Hawalli_Hawalli_Governorate.html#REVIEWS
(16 reviews),Hawalli,,,0,,,https://www.tripadvisor.com/Restaurant_Review-g667212-d8846022-Reviews-McDonald_s-Hawalli_Hawalli_Governorate.html#REVIEWS
(5 reviews),Hawalli,,,0,,,https://www.tripadvisor.com/Restaurant_Review-g667212-d9557353-Reviews-Tabkh_Al_Freg-Hawalli_Hawalli_Governorate.html#REVIEWS
(6 reviews),Hawalli,,,0,,,https://www.tripadvisor.com/Restaurant_Review-g667212-d11668676-Reviews-Pastamania-Hawalli_Hawalli_Governorate.html#REVIEWS
(7 reviews),Hawalli,,,0,,,https://www.tripadvisor.com/Restaurant_Review-g667212-d7989850-Reviews-Torero-Hawalli_Hawalli_Governorate.html#REVIEWS
(2 reviews),Hawalli,,,0,,,https://www.tripadvisor.com/Restaurant_Review-g667212-d14112015-Reviews-Yaki_Japanese_Restaurant-Hawalli_Hawalli_Governorate.html#REVIEWS
(1 review),Hawalli,,,0,,,https://www.tripadvisor.com/Restaurant_Review-g667212-d17377784-Reviews-Serve_Bakery-Hawalli_Hawalli_Governorate.html#REVIEWS
(1 review),Hawalli,,,0,,,https://www.tripadvisor.com/Restaurant_Review-g667212-d21375966-Reviews-Kunafa_Nafeeseh-Hawalli_Hawalli_Governorate.html#REVIEWS
(1 review),Hawalli,,,0,,,https://www.tripadvisor.com/Restaurant_Review-g667212-d21375647-Reviews-Caldo_Shuhada-Hawalli_Hawalli_Governorate.html#REVIEWS
(1 review),Hawalli,,,0,,,https://www.tripadvisor.com/Restaurant_Review-g667212-d23137898-Reviews-Al_Jedawi_Seafood_Restaurant-Hawalli_Hawalli_Governorate.html#REVIEWS
(1 review),Hawalli,,,0,,,https://www.tripadvisor.com/Restaurant_Review-g667212-d21356402-Reviews-Karak_Station_Jaberia-Hawalli_Hawalli_Governorate.html#REVIEWS
AL Tibawi Sweets & Rest. CO,Hawalli,,,0,,,https://www.tripadvisor.com/Restaurant_Review-g667212-d7708832-Reviews-AL_Tibawi_Sweets_Rest_CO-Hawalli_Hawalli_Governorate.html
"(1,586 reviews)",Fahaheel,,,0,,,https://www.tripadvisor.com/Restaurant_Review-g612471-d1625581-Reviews-Teatro_Restaurant-Fahaheel.html#REVIEWS
(259 reviews),Fahaheel,,,0,,,https://www.tripadvisor.com/Restaurant_Review-g612471-d21375994-Reviews-Wahaj_Restaurant-Fahaheel.html#REVIEWS
"(1,066 reviews)",Fahaheel,,,0,,,https://www.tripadvisor.com/Restaurant_Review-g612471-d6123234-Reviews-Palm_Court_Terrace-Fahaheel.html#REVIEWS
(197 reviews),Fahaheel,,,0,,,https://www.tripadvisor.com/Restaurant_Review-g612471-d16658157-Reviews-Lobby_Lounge-Fahaheel.html#REVIEWS
(62 reviews),Fahaheel,,,0,,,https://www.tripadvisor.com/Restaurant_Review-g612471-d7793975-Reviews-Canary_Restaurant-Fahaheel.html#REVIEWS
(77 reviews),Fahaheel,,,0,,,https://www.tripadvisor.com/Restaurant_Review-g612471-d2701010-Reviews-Saravana_Bhavan-Fahaheel.html#REVIEWS
(50 reviews),Fahaheel,,,0,,,https://www.tripadvisor.com/Restaurant_Review-g612471-d3815677-Reviews-Mughal_Mahal_Fahaheel-Fahaheel.html#REVIEWS
(2 reviews),Fahaheel,,,0,,,https://www.tripadvisor.com/Restaurant_Review-g612471-d12705479-Reviews-Library_Lounge-Fahaheel.html#REVIEWS
(1 review),Fahaheel,,,0,,,https://www.tripadvisor.com/Restaurant_Review-g612471-d7053673-Reviews-Ebi_Japanese_Restaurant-Fahaheel.html#REVIEWS
(25 reviews),Fahaheel,,,0,,,https://www.tripadvisor.com/Restaurant_Review-g612471-d7910558-Reviews-Udupi_International_Hotel-Fahaheel.html#REVIEWS
(99 reviews),Fahaheel,,,0,,,https://www.tripadvisor.com/Restaurant_Review-g612471-d4326643-Reviews-Thakkara_Restaurant-Fahaheel.html#REVIEWS
(14 reviews),Fahaheel,,,0,,,https://www.tripadvisor.com/Restaurant_Review-g612471-d5615470-Reviews-Khan_Baba-Fahaheel.html#REVIEWS
(11 reviews),Fahaheel,,,0,,,https://www.tripadvisor.com/Restaurant_Review-g612471-d20042795-Reviews-P_F_Chang_s-Fahaheel.html#REVIEWS
(7 reviews),Fahaheel,,,0,,,https://www.tripadvisor.com/Restaurant_Review-g612471-d23111912-Reviews-Osmanli_1453_Resturant-Fahaheel.html#REVIEWS
(37 reviews),Fahaheel,,,0,,,https://www.tripadvisor.com/Restaurant_Review-g612471-d2530955-Reviews-Mijana-Fahaheel.html#REVIEWS
(845 reviews),Fahaheel,,,0,,,https://www.tripadvisor.com/Restaurant_Review-g612471-d6124565-Reviews-Song_Bird_Cafe_at_Hilton_Kuwait_Resort-Fahaheel.html#REVIEWS
(3 reviews),Fahaheel,,,0,,,https://www.tripadvisor.com/Restaurant_Review-g612471-d11844139-Reviews-Kohinoor_Restaurant-Fahaheel.html#REVIEWS
(7 reviews),Fahaheel,,,0,,,https://www.tripadvisor.com/Restaurant_Review-g612471-d12339107-Reviews-Kerala_Express-Fahaheel.html#REVIEWS
(7 reviews),Fahaheel,,,0,,,https://www.tripadvisor.com/Restaurant_Review-g612471-d12705469-Reviews-Failaka_Restaurant-Fahaheel.html#REVIEWS
(4 reviews),Fahaheel,,,0,,,https://www.tripadvisor.com/Restaurant_Review-g612471-d24077051-Reviews-Leila_Min_Lebnen-Fahaheel.html#REVIEWS
(6 reviews),Fahaheel,,,0,,,https://www.tripadvisor.com/Restaurant_Review-g612471-d8660042-Reviews-Gokul_Deluxe_Restaurant-Fahaheel.html#REVIEWS
(5 reviews),Fahaheel,,,0,,,https://www.tripadvisor.com/Restaurant_Review-g612471-d14204053-Reviews-Chef_Naushad_s_Signature_Restaurant-Fahaheel.html#REVIEWS
(1 review),Fahaheel,,,0,,,https://www.tripadvisor.com/Restaurant_Review-g612471-d24075416-Reviews-Kateh_al_kout-Fahaheel.html#REVIEWS
(9 reviews),Fahaheel,,,0,,,https://www.tripadvisor.com/Restaurant_Review-g612471-d15099365-Reviews-Fol_O_Yasmine-Fahaheel.html#REVIEWS
(2 reviews),Fahaheel,,,0,,,https://www.tripadvisor.com/Restaurant_Review-g612471-d23739449-Reviews-Pistachio_Cafe-Fahaheel.html#REVIEWS
(5 reviews),Fahaheel,,,0,,,https://www.tripadvisor.com/Restaurant_Review-g612471-d12605226-Reviews-Seyidoglu_Restaurant-Fahaheel.html#REVIEWS
(1 review),Fahaheel,,,0,,,https://www.tripadvisor.com/Restaurant_Review-g612471-d21409923-Reviews-Copper_Chimney-Fahaheel.html#REVIEWS
(1 review),Fahaheel,,,0,,,https://www.tripadvisor.com/Restaurant_Review-g612471-d25355378-Reviews-Super_Sonic-Fahaheel.html#REVIEWS
(0 reviews),Fahaheel,,,0,,,https://www.tripadvisor.com/Restaurant_Review-g612471-d25291565-Reviews-T_Grill-Fahaheel.html#REVIEWS
(3 reviews),Fahaheel,,,0,,,https://www.tripadvisor.com/Restaurant_Review-g612471-d11726455-Reviews-Gate_Lounge-Fahaheel.html#REVIEWS
(1 review),Fahaheel,,,0,,,https://www.tripadvisor.com/Restaurant_Review-g612471-d21360475-Reviews-Mcdonald_s-Fahaheel.html#REVIEWS
(1 review),Sharq,,,0,,,https://www.tripadvisor.com/Restaurant_Review-g20913489-d34093263-Reviews-BF_BRD_Kuwait-Sharq_Kuwait_City.html#REVIEWS
(1 review),Sharq,,,0,,,https://www.tripadvisor.com/Restaurant_Review-g20913489-d34059873-Reviews-Hamour_Sharq-Sharq_Kuwait_City.html#REVIEWS
(1 review),Sharq,,,0,,,https://www.tripadvisor.com/Restaurant_Review-g20913489-d21432824-Reviews-Mcdonald_s-Sharq_Kuwait_City.html#REVIEWS
(1 review),Sharq,,,0,,,https://www.tripadvisor.com/Restaurant_Review-g20913489-d33679522-Reviews-Go_Greek_Yogurt-Sharq_Kuwait_City.html#REVIEWS
(0 reviews),Sharq,,,0,,,https://www.tripadvisor.com/Restaurant_Review-g20913489-d28040203-Reviews-Papa_Johns_Pizza-Sharq_Kuwait_City.html#REVIEWS
(0 reviews),Sharq,,,0,,,https://www.tripadvisor.com/Restaurant_Review-g20913489-d20913196-Reviews-Elevation_Burger-Sharq_Kuwait_City.html#REVIEWS
(0 reviews),Sharq,,,0,,,https://www.tripadvisor.com/Restaurant_Review-g20913489-d23565066-Reviews-Cowboy_Steakhouse-Sharq_Kuwait_City.html#REVIEWS
(58 reviews),Dasman,,,0,,,https://www.tripadvisor.com/Restaurant_Review-g298256-d1575578-Reviews-Oriental_Cusine-Dasman.html#REVIEWS
(4 reviews),Dasman,,,0,,,https://www.tripadvisor.com/Restaurant_Review-g298256-d8845656-Reviews-The_Square_Cafe_Restaurant-Dasman.html#REVIEWS
(13 reviews),Dasman,,,0,,,https://www.tripadvisor.com/Restaurant_Review-g298256-d6751079-Reviews-Versus_Versace_Caffe-Dasman.html#REVIEWS
(6 reviews),Dasman,,,0,,,https://www.tripadvisor.com/Restaurant_Review-g298256-d8845655-Reviews-Downtown_Reataurant-Dasman.html#REVIEWS
(0 reviews),Dasman,,,0,,,https://www.tripadvisor.com/Restaurant_Review-g298256-d32900093-Reviews-Shawy_Restaurant-Dasman.html#REVIEWS
(3 reviews),Dasman,,,0,,,https://www.tripadvisor.com/Restaurant_Review-g298256-d23125882-Reviews-McDonalds_Corniche_New-Dasman.html#REVIEWS
(3 reviews),Dasman,,,0,,,https://www.tripadvisor.com/Restaurant_Review-g298256-d8845658-Reviews-Fallah_Kuwaiti_Restaurant-Dasman.html#REVIEWS
(0 reviews),Dasman,,,0,,,https://www.tripadvisor.com/Restaurant_Review-g298256-d23027056-Reviews-Giovanni_Restaurant_Dasman_Complex-Dasman.html#REVIEWS
(568 reviews),Farwaniya,,,0,,,https://www.tripadvisor.com/Restaurant_Review-g298257-d12218847-Reviews-AL_Ahmadi_International_Restaurant-Farwaniya.html#REVIEWS
(701 reviews),Farwaniya,,,0,,,https://www.tripadvisor.com/Restaurant_Review-g298257-d2054257-Reviews-Al_Noukhaza_Seafood_Restaurant-Farwaniya.html#REVIEWS
(434 reviews),Farwaniya,,,0,,,https://www.tripadvisor.com/Restaurant_Review-g298257-d12242578-Reviews-Ayam_Zaman_Crowne_Plaza_Hotel-Farwaniya.html#REVIEWS
(25 reviews),Farwaniya,,,0,,,https://www.tripadvisor.com/Restaurant_Review-g298257-d5519469-Reviews-Saket_ajeeb_restaurant-Farwaniya.html#REVIEWS
(17 reviews),Farwaniya,,,0,,,https://www.tripadvisor.com/Restaurant_Review-g298257-d2700695-Reviews-Anjappar_Chettinad_Indian_Restaurant-Farwaniya.html#REVIEWS
(39 reviews),Farwaniya,,,0,,,https://www.tripadvisor.com/Restaurant_Review-g298257-d7281511-Reviews-Cioccolati_Italiani_The_Avenues-Farwaniya.html#REVIEWS
(6 reviews),Farwaniya,,,0,,,https://www.tripadvisor.com/Restaurant_Review-g298257-d5768590-Reviews-Zephere_Restaurant-Farwaniya.html#REVIEWS
(12 reviews),Farwaniya,,,0,,,https://www.tripadvisor.com/Restaurant_Review-g298257-d21278654-Reviews-Princi-Farwaniya.html#REVIEWS
(27 reviews),Farwaniya,,,0,,,https://www.tripadvisor.com/Restaurant_Review-g298257-d10383803-Reviews-Paul_Bakery_Restaurant-Farwaniya.html#REVIEWS
(30 reviews),Farwaniya,,,0,,,https://www.tripadvisor.com/Restaurant_Review-g298257-d7094741-Reviews-Sabah_We_Masa_Lebanese_Restaurant-Farwaniya.html#REVIEWS
(43 reviews),Farwaniya,,,0,,,https://www.tripadvisor.com/Restaurant_Review-g298257-d2570052-Reviews-Caribou_Cafe-Farwaniya.html#REVIEWS
(31 reviews),Farwaniya,,,0,,,https://www.tripadvisor.com/Restaurant_Review-g298257-d7621205-Reviews-Kunefis-Farwaniya.html#REVIEWS
(13 reviews),Farwaniya,,,0,,,https://www.tripadvisor.com/Restaurant_Review-g298257-d9456934-Reviews-Babak-Farwaniya.html#REVIEWS
(4 reviews),Farwaniya,,,0,,,https://www.tripadvisor.com/Restaurant_Review-g298257-d13334990-Reviews-Chicken_King-Farwaniya.html#REVIEWS
(9 reviews),Farwaniya,,,0,,,https://www.tripadvisor.com/Restaurant_Review-g298257-d10543989-Reviews-Mughal_Mahal_Farwaniya-Farwaniya.html#REVIEWS
(2 reviews),Farwaniya,,,0,,,https://www.tripadvisor.com/Restaurant_Review-g298257-d33112261-Reviews-Thakkara_Dajeej-Farwaniya.html#REVIEWS
(1 review),Farwaniya,,,0,,,https://www.tripadvisor.com/Restaurant_Review-g298257-d26318240-Reviews-4U_Filipino_restaurant-Farwaniya.html#REVIEWS
(22 reviews),Farwaniya,,,0,,,https://www.tripadvisor.com/Restaurant_Review-g298257-d9557811-Reviews-Kashounat_Al_Bait_360_Mall_Branch-Farwaniya.html#REVIEWS
(1 review),Farwaniya,,,0,,,https://www.tripadvisor.com/Restaurant_Review-g298257-d20257770-Reviews-Tandoor_chef_restaurant-Farwaniya.html#REVIEWS
(5 reviews),Farwaniya,,,0,,,https://www.tripadvisor.com/Restaurant_Review-g298257-d21337567-Reviews-Flower_Latte_Avenues-Farwaniya.html#REVIEWS
(7 reviews),Farwaniya,,,0,,,https://www.tripadvisor.com/Restaurant_Review-g298257-d12182216-Reviews-Jollibee-Farwaniya.html#REVIEWS
(0 reviews),Farwaniya,,,0,,,https://www.tripadvisor.com/Restaurant_Review-g298257-d21185976-Reviews-Thakkara_Restaurant-Farwaniya.html#REVIEWS
(5 reviews),Farwaniya,,,0,,,https://www.tripadvisor.com/Restaurant_Review-g298257-d21369352-Reviews-Toby_s_Estate-Farwaniya.html#REVIEWS
(0 reviews),Farwaniya,,,0,,,https://www.tripadvisor.com/Restaurant_Review-g298257-d32767755-Reviews-Roghan-Farwaniya.html#REVIEWS
(4 reviews),Farwaniya,,,0,,,https://www.tripadvisor.com/Restaurant_Review-g298257-d21337570-Reviews-Flower_Latte_360_Mall-Farwaniya.html#REVIEWS
(0 reviews),Farwaniya,,,0,,,https://www.tripadvisor.com/Restaurant_Review-g298257-d28152017-Reviews-Bbq_Spicy_Restaurant_Farwaniya-Farwaniya.html#REVIEWS
(2 reviews),Farwaniya,,,0,,,https://www.tripadvisor.com/Restaurant_Review-g298257-d25556126-Reviews-Cocaraco_Restaurant-Farwaniya.html#REVIEWS
(3 reviews),Farwaniya,,,0,,,https://www.tripadvisor.com/Restaurant_Review-g298257-d24959119-Reviews-Abuelo-Farwaniya.html#REVIEWS
(1 review),Farwaniya,,,0,,,https://www.tripadvisor.com/Restaurant_Review-g298257-d21369326-Reviews-Fol_O_Yasmine_360-Farwaniya.html#REVIEWS
(1 review),Farwaniya,,,0,,,https://www.tripadvisor.com/Restaurant_Review-g298257-d20942131-Reviews-Raising_Cane_s-Farwaniya.html#REVIEWS
(2 reviews),Farwaniya,,,0,,,https://www.tripadvisor.com/Restaurant_Review-g298257-d21369325-Reviews-Dar_Hamad-Farwaniya.html#REVIEWS
(1 review),Ahmadi,,,0,,,https://www.tripadvisor.com/Restaurant_Review-g298255-d23044022-Reviews-Farooj_Republic-Ahmadi.html#REVIEWS
(14 reviews),Ahmadi,,,0,,,https://www.tripadvisor.com/Restaurant_Review-g298255-d8831031-Reviews-McDonald_s-Ahmadi.html#REVIEWS
(1 review),Ahmadi,,,0,,,https://www.tripadvisor.com/Restaurant_Review-g298255-d22911860-Reviews-Astrahat_Al_Sultan_Restaurant-Ahmadi.html#REVIEWS
(2 reviews),Ahmadi,,,0,,,https://www.tripadvisor.com/Restaurant_Review-g298255-d20923483-Reviews-Starbucks-Ahmadi.html#REVIEWS
(2 reviews),Ahmadi,,,0,,,https://www.tripadvisor.com/Restaurant_Review-g298255-d20923903-Reviews-Starbucks-Ahmadi.html#REVIEWS
(1 review),Ahmadi,,,0,,,https://www.tripadvisor.com/Restaurant_Review-g298255-d23832848-Reviews-PizzaExpress-Ahmadi.html#REVIEWS
(1 review),Ahmadi,,,0,,,https://www.tripadvisor.com/Restaurant_Review-g298255-d22884243-Reviews-Costa_Wafra-Ahmadi.html#REVIEWS
(8 reviews),Ahmadi,,,0,,,https://www.tripadvisor.com/Restaurant_Review-g298255-d8757449-Reviews-McDonalds-Ahmadi.html#REVIEWS
(0 reviews),Ahmadi,,,0,,,https://www.tripadvisor.com/Restaurant_Review-g298255-d14019819-Reviews-Zephora_Restaurant_And_Cafe-Ahmadi.html#REVIEWS
(1 review),Ahmadi,,,0,,,https://www.tripadvisor.com/Restaurant_Review-g298255-d13335030-Reviews-RIO_Churrascaria-Ahmadi.html#REVIEWS
(2 reviews),Ahmadi,,,0,,,https://www.tripadvisor.com/Restaurant_Review-g298255-d20923983-Reviews-Starbucks-Ahmadi.html#REVIEWS
(1 review),Ahmadi,,,0,,,https://www.tripadvisor.com/Restaurant_Review-g298255-d21000168-Reviews-Starbucks-Ahmadi.html#REVIEWS
(1 review),Ahmadi,,,0,,,https://www.tripadvisor.com/Restaurant_Review-g298255-d20942082-Reviews-Raising_Cane_s-Ahmadi.html#REVIEWS
(0 reviews),Ahmadi,,,0,,,https://www.tripadvisor.com/Restaurant_Review-g298255-d23120764-Reviews-Al_Riqqa_Block_6_Restaurant-Ahmadi.html#REVIEWS
(0 reviews),Ahmadi,,,0,,,https://www.tripadvisor.com/Restaurant_Review-g298255-d23174771-Reviews-KFC-Ahmadi.html#REVIEWS
(0 reviews),Ahmadi,,,0,,,https://www.tripadvisor.com/Restaurant_Review-g298255-d23018978-Reviews-Wafretto_Cafe-Ahmadi.html#REVIEWS
(0 reviews),Ahmadi,,,0,,,https://www.tripadvisor.com/Restaurant_Review-g298255-d23066299-Reviews-Atayeb_Restaurant-Ahmadi.html#REVIEWS
(0 reviews),Ahmadi,,,0,,,https://www.tripadvisor.com/Restaurant_Review-g298255-d26840975-Reviews-Raising_Cane_s-Ahmadi.html#REVIEWS
(0 reviews),Ahmadi,,,0,,,https://www.tripadvisor.com/Restaurant_Review-g298255-d23066743-Reviews-Kfc-Ahmadi.html#REVIEWS
(0 reviews),Ahmadi,,,0,,,https://www.tripadvisor.com/Restaurant_Review-g298255-d21947166-Reviews-Naif_Chicken_Sabah_Al_Ahmad-Ahmadi.html#REVIEWS
(0 reviews),Ahmadi,,,0,,,https://www.tripadvisor.com/Restaurant_Review-g298255-d23174768-Reviews-Al_Firya_Kuwait_Food_Restaurant-Ahmadi.html#REVIEWS
(0 reviews),Ahmadi,,,0,,,https://www.tripadvisor.com/Restaurant_Review-g298255-d20924499-Reviews-Starbucks-Ahmadi.html#REVIEWS
(0 reviews),Ahmadi,,,0,,,https://www.tripadvisor.com/Restaurant_Review-g298255-d22134548-Reviews-Ole_Coffee-Ahmadi.html#REVIEWS
(0 reviews),Ahmadi,,,0,,,https://www.tripadvisor.com/Restaurant_Review-g298255-d20930134-Reviews-Shake_Shack-Ahmadi.html#REVIEWS
(0 reviews),Ahmadi,,,0,,,https://www.tripadvisor.com/Restaurant_Review-g298255-d20952022-Reviews-Starbucks-Ahmadi.html#REVIEWS
(0 reviews),Ahmadi,,,0,,,https://www.tripadvisor.com/Restaurant_Review-g298255-d22923168-Reviews-McDonald_s-Ahmadi.html#REVIEWS
(0 reviews),Ahmadi,,,0,,,https://www.tripadvisor.com/Restaurant_Review-g298255-d22996560-Reviews-Gusto_Comune-Ahmadi.html#REVIEWS
(0 reviews),Ahmadi,,,0,,,https://www.tripadvisor.com/Restaurant_Review-g298255-d21356174-Reviews-Five_Guys_Mahaboula-Ahmadi.html#REVIEWS
(0 reviews),Ahmadi,,,0,,,https://www.tripadvisor.com/Restaurant_Review-g298255-d23066298-Reviews-Chaclate_Sweets-Ahmadi.html#REVIEWS
(0 reviews),Ahmadi,,,0,,,https://www.tripadvisor.com/Restaurant_Review-g298255-d21508201-Reviews-Filful_Lebanese_Restaurant-Ahmadi.html#REVIEWS
(5 reviews),Mangaf,,,0,,,https://www.tripadvisor.com/Restaurant_Review-g11909547-d13567077-Reviews-Yas_Palace_Iranian_Sea_Food_Restaurant-Mangaf_Kuwait_City.html#REVIEWS
(1 review),Mangaf,,,0,,,https://www.tripadvisor.com/Restaurant_Review-g11909547-d17374963-Reviews-Heisenberg_Restaurant-Mangaf_Kuwait_City.html#REVIEWS
(1 review),Mangaf,,,0,,,https://www.tripadvisor.com/Restaurant_Review-g11909547-d19787038-Reviews-Life_with_Cacao-Mangaf_Kuwait_City.html#REVIEWS
(0 reviews),Mangaf,,,0,,,https://www.tripadvisor.com/Restaurant_Review-g11909547-d24075612-Reviews-Canary_Restaurant-Mangaf_Kuwait_City.html#REVIEWS
(2 reviews),Mangaf,,,0,,,https://www.tripadvisor.com/Restaurant_Review-g11909547-d13335411-Reviews-Skyzone-Mangaf_Kuwait_City.html#REVIEWS
(0 reviews),Mangaf,,,0,,,https://www.tripadvisor.com/Restaurant_Review-g11909547-d25430294-Reviews-Grand_Udhayam_Restaurant-Mangaf_Kuwait_City.html#REVIEWS
(0 reviews),Mangaf,,,0,,,https://www.tripadvisor.com/Restaurant_Review-g11909547-d13083672-Reviews-VIBES_coffee-Mangaf_Kuwait_City.html#REVIEWS
(0 reviews),Mangaf,,,0,,,https://www.tripadvisor.com/Restaurant_Review-g11909547-d25192838-Reviews-Hamour_Al_Kout_Restaurant-Mangaf_Kuwait_City.html#REVIEWS
(0 reviews),Mangaf,,,0,,,https://www.tripadvisor.com/Restaurant_Review-g11909547-d23752981-Reviews-Papa_Johns_Pizza-Mangaf_Kuwait_City.html#REVIEWS
(101 reviews),Mahboula,,,0,,,https://www.tripadvisor.com/Restaurant_Review-g3861904-d2530892-Reviews-Sabaidee_Thai_Cuisine-Mahboula.html#REVIEWS
(28 reviews),Mahboula,,,0,,,https://www.tripadvisor.com/Restaurant_Review-g3861904-d5566070-Reviews-China_Great_Wall_Restaurant-Mahboula.html#REVIEWS
(47 reviews),Mahboula,,,0,,,https://www.tripadvisor.com/Restaurant_Review-g3861904-d8499402-Reviews-Asha_s-Mahboula.html#REVIEWS
(49 reviews),Mahboula,,,0,,,https://www.tripadvisor.com/Restaurant_Review-g3861904-d6761478-Reviews-Olive_Garden-Mahboula.html#REVIEWS
(37 reviews),Mahboula,,,0,,,https://www.tripadvisor.com/Restaurant_Review-g3861904-d8659256-Reviews-Gang_Nam_Asian_Cuisine-Mahboula.html#REVIEWS
(64 reviews),Mahboula,,,0,,,https://www.tripadvisor.com/Restaurant_Review-g3861904-d8830209-Reviews-The_Cheesecake_Factory-Mahboula.html#REVIEWS
(28 reviews),Mahboula,,,0,,,https://www.tripadvisor.com/Restaurant_Review-g3861904-d4082405-Reviews-The_Fish_Market_Restaurant-Mahboula.html#REVIEWS
(44 reviews),Mahboula,,,0,,,https://www.tripadvisor.com/Restaurant_Review-g3861904-d10077958-Reviews-Feynman_s_Restaurant-Mahboula.html#REVIEWS
(74 reviews),Mahboula,,,0,,,https://www.tripadvisor.com/Restaurant_Review-g3861904-d7653276-Reviews-Mais_Alghanim-Mahboula.html#REVIEWS
(27 reviews),Mahboula,,,0,,,https://www.tripadvisor.com/Restaurant_Review-g3861904-d9609679-Reviews-The_Cheescake_Factory-Mahboula.html#REVIEWS
(41 reviews),Mahboula,,,0,,,https://www.tripadvisor.com/Restaurant_Review-g3861904-d10387903-Reviews-Texas_Roadhouse-Mahboula.html#REVIEWS
(26 reviews),Mahboula,,,0,,,https://www.tripadvisor.com/Restaurant_Review-g3861904-d10559255-Reviews-Ihop-Mahboula.html#REVIEWS
(17 reviews),Mahboula,,,0,,,https://www.tripadvisor.com/Restaurant_Review-g3861904-d13075957-Reviews-LaMeSho_Restaurant-Mahboula.html#REVIEWS
(18 reviews),Mahboula,,,0,,,https://www.tripadvisor.com/Restaurant_Review-g3861904-d13332513-Reviews-Big_Chefs-Mahboula.html#REVIEWS
(2 reviews),Mahboula,,,0,,,https://www.tripadvisor.com/Restaurant_Review-g3861904-d25402327-Reviews-The_Lily_Breakfast_Cafe-Mahboula.html#REVIEWS
(48 reviews),Mahboula,,,0,,,https://www.tripadvisor.com/Restaurant_Review-g3861904-d6627981-Reviews-Buffalo_s_Ranch-Mahboula.html#REVIEWS
(18 reviews),Mahboula,,,0,,,https://www.tripadvisor.com/Restaurant_Review-g3861904-d8311244-Reviews-Cafe_Bazza_Mahboula-Mahboula.html#REVIEWS
(1 review),Mahboula,,,0,,,https://www.tripadvisor.com/Restaurant_Review-g3861904-d34508669-Reviews-AR_Suvai_South_Indian_Restaurant-Mahboula.html#REVIEWS
(34 reviews),Mahboula,,,0,,,https://www.tripadvisor.com/Restaurant_Review-g3861904-d5966817-Reviews-Pizza_Express-Mahboula.html#REVIEWS
(5 reviews),Mahboula,,,0,,,https://www.tripadvisor.com/Restaurant_Review-g3861904-d12859672-Reviews-Kabab_Al_Gadeer_Restaurant-Mahboula.html#REVIEWS
(6 reviews),Mahboula,,,0,,,https://www.tripadvisor.com/Restaurant_Review-g3861904-d21366044-Reviews-Light_Complex_Restaurants-Mahboula.html#REVIEWS
(6 reviews),Mahboula,,,0,,,https://www.tripadvisor.com/Restaurant_Review-g3861904-d7155959-Reviews-Spice_Tree-Mahboula.html#REVIEWS
(3 reviews),Mahboula,,,0,,,https://www.tripadvisor.com/Restaurant_Review-g3861904-d17696515-Reviews-Al_Kharoof_Restaurant-Mahboula.html#REVIEWS
(3 reviews),Mahboula,,,0,,,https://www.tripadvisor.com/Restaurant_Review-g3861904-d18154082-Reviews-Sirhan-Mahboula.html#REVIEWS
(13 reviews),Mahboula,,,0,,,https://www.tripadvisor.com/Restaurant_Review-g3861904-d11722847-Reviews-Googoosh_Restaurant_K8-Mahboula.html#REVIEWS
(0 reviews),Mahboula,,,0,,,https://www.tripadvisor.com/Restaurant_Review-g3861904-d23032669-Reviews-Mughal_Mahal_Mahboula-Mahboula.html#REVIEWS
(0 reviews),Mahboula,,,0,,,https://www.tripadvisor.com/Restaurant_Review-g3861904-d12607928-Reviews-Chennai_Restaurant-Mahboula.html#REVIEWS
(23 reviews),Mahboula,,,0,,,https://www.tripadvisor.com/Restaurant_Review-g3861904-d8746221-Reviews-Tgi_Friday_s-Mahboula.html#REVIEWS
(4 reviews),Mahboula,,,0,,,https://www.tripadvisor.com/Restaurant_Review-g3861904-d12209892-Reviews-Golden_Dragon-Mahboula.html#REVIEWS
(3 reviews),Mahboula,,,0,,,https://www.tripadvisor.com/Restaurant_Review-g3861904-d8753894-Reviews-Proper_Sliders_Mahboula-Mahboula.html#REVIEWS
(18 reviews),Jahra,,,0,,,https://www.tripadvisor.com/Restaurant_Review-g298258-d4937529-Reviews-Mughal_Mahal_Jahra-Jahra.html#REVIEWS
(2 reviews),Jahra,,,0,,,https://www.tripadvisor.com/Restaurant_Review-g298258-d19090076-Reviews-Awtar_Libnan-Jahra.html#REVIEWS
(10 reviews),Jahra,,,0,,,https://www.tripadvisor.com/Restaurant_Review-g298258-d8842657-Reviews-Seventies-Jahra.html#REVIEWS
(3 reviews),Jahra,,,0,,,https://www.tripadvisor.com/Restaurant_Review-g298258-d19126405-Reviews-Applebee_s-Jahra.html#REVIEWS
(0 reviews),Jahra,,,0,,,https://www.tripadvisor.com/Restaurant_Review-g298258-d33060056-Reviews-Swaikhat_Al_Jahra-Jahra.html#REVIEWS
(0 reviews),Jahra,,,0,,,https://www.tripadvisor.com/Restaurant_Review-g298258-d28863161-Reviews-Zero_Carb-Jahra.html#REVIEWS
(1 review),Jahra,,,0,,,https://www.tripadvisor.com/Restaurant_Review-g298258-d20949693-Reviews-Starbucks-Jahra.html#REVIEWS
(1 review),Jahra,,,0,,,https://www.tripadvisor.com/Restaurant_Review-g298258-d19454459-Reviews-Burger_Boutique-Jahra.html#REVIEWS
(0 reviews),Jahra,,,0,,,https://www.tripadvisor.com/Restaurant_Review-g298258-d26102121-Reviews-Kuwaiti_Cuisine_Restaurant-Jahra.html#REVIEWS
(1 review),Jahra,,,0,,,https://www.tripadvisor.com/Restaurant_Review-g298258-d22955424-Reviews-Fridays_Resturant-Jahra.html#REVIEWS
(0 reviews),Jahra,,,0,,,https://www.tripadvisor.com/Restaurant_Review-g298258-d20942098-Reviews-Raising_Cane_s-Jahra.html#REVIEWS
(1 review),Jahra,,,0,,,https://www.tripadvisor.com/Restaurant_Review-g298258-d20924816-Reviews-Starbucks-Jahra.html#REVIEWS
(0 reviews),Jahra,,,0,,,https://www.tripadvisor.com/Restaurant_Review-g298258-d24087861-Reviews-Canary_Restaurant-Jahra.html#REVIEWS
(0 reviews),Jahra,,,0,,,https://www.tripadvisor.com/Restaurant_Review-g298258-d33991406-Reviews-Keep_Restaurant-Jahra.html#REVIEWS
(0 reviews),Jahra,,,0,,,https://www.tripadvisor.com/Restaurant_Review-g298258-d34197050-Reviews-Raising_Cane_s-Jahra.html#REVIEWS
(0 reviews),Jahra,,,0,,,https://www.tripadvisor.com/Restaurant_Review-g298258-d27799194-Reviews-Saraya_Gate_Cafe-Jahra.html#REVIEWS
(0 reviews),Jahra,,,0,,,https://www.tripadvisor.com/Restaurant_Review-g298258-d22955210-Reviews-McDonald_s-Jahra.html#REVIEWS
(0 reviews),Jahra,,,0,,,https://www.tripadvisor.com/Restaurant_Review-g298258-d20923679-Reviews-Starbucks-Jahra.html#REVIEWS
(0 reviews),Jahra,,,0,,,https://www.tripadvisor.com/Restaurant_Review-g298258-d23022803-Reviews-Abu_Saleem_Jahra-Jahra.html#REVIEWS
(0 reviews),Jahra,,,0,,,https://www.tripadvisor.com/Restaurant_Review-g298258-d22986977-Reviews-Hardee_s_Jahra-Jahra.html#REVIEWS
(0 reviews),Jahra,,,0,,,https://www.tripadvisor.com/Restaurant_Review-g298258-d22986978-Reviews-Subway_Jahra-Jahra.html#REVIEWS
(0 reviews),Jahra,,,0,,,https://www.tripadvisor.com/Restaurant_Review-g298258-d22951166-Reviews-Pizza_Hut-Jahra.html#REVIEWS
(0 reviews),Jahra,,,0,,,https://www.tripadvisor.com/Restaurant_Review-g298258-d23437011-Reviews-Shake_Shack-Jahra.html#REVIEWS
(0 reviews),Jahra,,,0,,,https://www.tripadvisor.com/Restaurant_Review-g298258-d21374324-Reviews-Chilli_s-Jahra.html#REVIEWS
(0 reviews),Jahra,,,0,,,https://www.tripadvisor.com/Restaurant_Review-g298258-d20923791-Reviews-Starbucks-Jahra.html#REVIEWS
(0 reviews),Jahra,,,0,,,https://www.tripadvisor.com/Restaurant_Review-g298258-d23066282-Reviews-Elevation_Burger-Jahra.html#REVIEWS
(0 reviews),Jahra,,,0,,,https://www.tripadvisor.com/Restaurant_Review-g298258-d22981185-Reviews-Mcdonald_s-Jahra.html#REVIEWS
(0 reviews),Jahra,,,0,,,https://www.tripadvisor.com/Restaurant_Review-g298258-d22981184-Reviews-Mcdonald_s-Jahra.html#REVIEWS
(0 reviews),Jahra,,,0,,,https://www.tripadvisor.com/Restaurant_Review-g298258-d23023094-Reviews-Istanbuli_Baklava-Jahra.html#REVIEWS
(0 reviews),Jahra,,,0,,,https://www.tripadvisor.com/Restaurant_Review-g298258-d20806868-Reviews-Starbucks-Jahra.html#REVIEWS
(3 reviews),Jabriya,,,0,,,https://www.tripadvisor.com/Restaurant_Review-g20923963-d32975681-Reviews-Kabab_Shams-Jabriya_Hawalli_Governorate.html#REVIEWS
(3 reviews),Jabriya,,,0,,,https://www.tripadvisor.com/Restaurant_Review-g20923963-d20942119-Reviews-Raising_Cane_s-Jabriya_Hawalli_Governorate.html#REVIEWS
(0 reviews),Jabriya,,,0,,,https://www.tripadvisor.com/Restaurant_Review-g20923963-d21005090-Reviews-Ocean_Basket-Jabriya_Hawalli_Governorate.html#REVIEWS
(0 reviews),Jabriya,,,0,,,https://www.tripadvisor.com/Restaurant_Review-g20923963-d23114939-Reviews-Rock_Chipsy-Jabriya_Hawalli_Governorate.html#REVIEWS
(0 reviews),Jabriya,,,0,,,https://www.tripadvisor.com/Restaurant_Review-g20923963-d28862797-Reviews-Zero_Carb-Jabriya_Hawalli_Governorate.html#REVIEWS
(1 review),Jabriya,,,0,,,https://www.tripadvisor.com/Restaurant_Review-g20923963-d20952021-Reviews-Starbucks-Jabriya_Hawalli_Governorate.html#REVIEWS
(1 review),Jabriya,,,0,,,https://www.tripadvisor.com/Restaurant_Review-g20923963-d20934048-Reviews-Shake_Shack-Jabriya_Hawalli_Governorate.html#REVIEWS
(0 reviews),Jabriya,,,0,,,https://www.tripadvisor.com/Restaurant_Review-g20923963-d23828394-Reviews-P_F_Chang_s-Jabriya_Hawalli_Governorate.html#REVIEWS
(0 reviews),Jabriya,,,0,,,https://www.tripadvisor.com/Restaurant_Review-g20923963-d24088102-Reviews-Johnny_Rockets_Jabriya-Jabriya_Hawalli_Governorate.html#REVIEWS
(0 reviews),Jabriya,,,0,,,https://www.tripadvisor.com/Restaurant_Review-g20923963-d20952159-Reviews-Starbucks-Jabriya_Hawalli_Governorate.html#REVIEWS
(0 reviews),Jabriya,,,0,,,https://www.tripadvisor.com/Restaurant_Review-g20923963-d20946607-Reviews-Starbucks-Jabriya_Hawalli_Governorate.html#REVIEWS
(0 reviews),Jabriya,,,0,,,https://www.tripadvisor.com/Restaurant_Review-g20923963-d23189441-Reviews-Gharayef_Al_Jabriya-Jabriya_Hawalli_Governorate.html#REVIEWS
(0 reviews),Jabriya,,,0,,,https://www.tripadvisor.com/Restaurant_Review-g20923963-d20942364-Reviews-Pinkberry-Jabriya_Hawalli_Governorate.html#REVIEWS
(0 reviews),Jabriya,,,0,,,https://www.tripadvisor.com/Restaurant_Review-g20923963-d21381876-Reviews-Mr_Baker-Jabriya_Hawalli_Governorate.html#REVIEWS
(0 reviews),Jabriya,,,0,,,https://www.tripadvisor.com/Restaurant_Review-g20923963-d23744380-Reviews-Papa_Johns_Pizza-Jabriya_Hawalli_Governorate.html#REVIEWS
(54 reviews),Salwa,,,0,,,https://www.tripadvisor.com/Restaurant_Review-g14053547-d19719674-Reviews-The_Kimchi-Salwa_Hawalli_Governorate.html#REVIEWS
(3 reviews),Salwa,,,0,,,https://www.tripadvisor.com/Restaurant_Review-g14053547-d19242063-Reviews-The_Rooftop_Lounge_And_Restaurant-Salwa_Hawalli_Governorate.html#REVIEWS
(1 review),Salwa,,,0,,,https://www.tripadvisor.com/Restaurant_Review-g14053547-d17373894-Reviews-Al_Muhallab_Restaurant-Salwa_Hawalli_Governorate.html#REVIEWS
(9 reviews),Salwa,,,0,,,https://www.tripadvisor.com/Restaurant_Review-g14053547-d16643474-Reviews-Bazaar_Gurme-Salwa_Hawalli_Governorate.html#REVIEWS
(2 reviews),Salwa,,,0,,,https://www.tripadvisor.com/Restaurant_Review-g14053547-d17675678-Reviews-Zuma_Q8-Salwa_Hawalli_Governorate.html#REVIEWS
(3 reviews),Salwa,,,0,,,https://www.tripadvisor.com/Restaurant_Review-g14053547-d24076086-Reviews-Nino_Arabella-Salwa_Hawalli_Governorate.html#REVIEWS
(1 review),Salwa,,,0,,,https://www.tripadvisor.com/Restaurant_Review-g14053547-d20993090-Reviews-Texas_Roadhouse-Salwa_Hawalli_Governorate.html#REVIEWS
(3 reviews),Salwa,,,0,,,https://www.tripadvisor.com/Restaurant_Review-g14053547-d21356183-Reviews-Five_Guys_Salwa-Salwa_Hawalli_Governorate.html#REVIEWS
(3 reviews),Salwa,,,0,,,https://www.tripadvisor.com/Restaurant_Review-g14053547-d16740698-Reviews-Caribou_Coffee-Salwa_Hawalli_Governorate.html#REVIEWS
(3 reviews),Salwa,,,0,,,https://www.tripadvisor.com/Restaurant_Review-g14053547-d20806847-Reviews-Starbucks-Salwa_Hawalli_Governorate.html#REVIEWS
(0 reviews),Salwa,,,0,,,https://www.tripadvisor.com/Restaurant_Review-g14053547-d19760359-Reviews-Pastamania-Salwa_Hawalli_Governorate.html#REVIEWS
(0 reviews),Salwa,,,0,,,https://www.tripadvisor.com/Restaurant_Review-g14053547-d26732617-Reviews-Pool_Bar_The_Palms-Salwa_Hawalli_Governorate.html#REVIEWS
(0 reviews),Salwa,,,0,,,https://www.tripadvisor.com/Restaurant_Review-g14053547-d21382728-Reviews-Domino_s_Pizza_Salwa-Salwa_Hawalli_Governorate.html#REVIEWS
(0 reviews),Salwa,,,0,,,https://www.tripadvisor.com/Restaurant_Review-g14053547-d21369595-Reviews-Turkish_Grill-Salwa_Hawalli_Governorate.html#REVIEWS
(0 reviews),Salwa,,,0,,,https://www.tripadvisor.com/Restaurant_Review-g14053547-d22903785-Reviews-Hardees-Salwa_Hawalli_Governorate.html#REVIEWS
(0 reviews),Salwa,,,0,,,https://www.tripadvisor.com/Restaurant_Review-g14053547-d23020017-Reviews-Mr_Baker_Salwa-Salwa_Hawalli_Governorate.html#REVIEWS
(0 reviews),Salwa,,,0,,,https://www.tripadvisor.com/Restaurant_Review-g14053547-d22921533-Reviews-Al_Muhallab_Seafood_Restaurant-Salwa_Hawalli_Governorate.html#REVIEWS
(0 reviews),Salwa,,,0,,,https://www.tripadvisor.com/Restaurant_Review-g14053547-d23804281-Reviews-Papa_Johns_Pizza-Salwa_Hawalli_Governorate.html#REVIEWS
(0 reviews),Salwa,,,0,,,https://www.tripadvisor.com/Restaurant_Review-g14053547-d23755631-Reviews-Papa_John_s_Pizza-Salwa_Hawalli_Governorate.html#REVIEWS
(25 reviews),Fintas,,,0,,,https://www.tripadvisor.com/Restaurant_Review-g11909534-d6776122-Reviews-Sabaidee_Thai_Restaurant-Fintas.html#REVIEWS
(3 reviews),Fintas,,,0,,,https://www.tripadvisor.com/Restaurant_Review-g11909534-d23173707-Reviews-Bait_Abeer_Lebanese_Restaurant-Fintas.html#REVIEWS
(1 review),Fintas,,,0,,,https://www.tripadvisor.com/Restaurant_Review-g11909534-d21391686-Reviews-Al_Khobiz_Al_Turki-Fintas.html#REVIEWS
(1 review),Fintas,,,0,,,https://www.tripadvisor.com/Restaurant_Review-g11909534-d16871137-Reviews-Burger_Karak-Fintas.html#REVIEWS
(1 review),Fintas,,,0,,,https://www.tripadvisor.com/Restaurant_Review-g11909534-d23122488-Reviews-Pizza_Hut_Jaber_Alali-Fintas.html#REVIEWS
(0 reviews),Fintas,,,0,,,https://www.tripadvisor.com/Restaurant_Review-g11909534-d21391685-Reviews-Asal_Banoo-Fintas.html#REVIEWS
(0 reviews),Fintas,,,0,,,https://www.tripadvisor.com/Restaurant_Review-g11909534-d23173847-Reviews-Burger_King-Fintas.html#REVIEWS
(0 reviews),Fintas,,,0,,,https://www.tripadvisor.com/Restaurant_Review-g11909534-d32749482-Reviews-Marassi_Food_Fish_Seafood_Restaurant_Fintas-Fintas.html#REVIEWS
(0 reviews),Fintas,,,0,,,https://www.tripadvisor.com/Restaurant_Review-g11909534-d24076179-Reviews-Nino_Divonne-Fintas.html#REVIEWS
(0 reviews),Fintas,,,0,,,https://www.tripadvisor.com/Restaurant_Review-g11909534-d23173708-Reviews-Izmer_Turkish_Restaurant-Fintas.html#REVIEWS
(0 reviews),Fintas,,,0,,,https://www.tripadvisor.com/Restaurant_Review-g11909534-d23122477-Reviews-Burger_King_Jaber_Alali-Fintas.html#REVIEWS
(0 reviews),Fintas,,,0,,,https://www.tripadvisor.com/Restaurant_Review-g11909534-d23173710-Reviews-View_Cafe-Fintas.html#REVIEWS
(0 reviews),Fintas,,,0,,,https://www.tripadvisor.com/Restaurant_Review-g11909534-d23173764-Reviews-34_Lounge-Fintas.html#REVIEWS
(0 reviews),Fintas,,,0,,,https://www.tripadvisor.com/Restaurant_Review-g11909534-d23173766-Reviews-Lazul-Fintas.html#REVIEWS
(0 reviews),Fintas,,,0,,,https://www.tripadvisor.com/Restaurant_Review-g11909534-d23122489-Reviews-Sablee_Jaber_Alali-Fintas.html#REVIEWS
(0 reviews),Fintas,,,0,,,https://www.tripadvisor.com/Restaurant_Review-g11909534-d21353081-Reviews-Papa_Johns-Fintas.html#REVIEWS
(0 reviews),Fintas,,,0,,,https://www.tripadvisor.com/Restaurant_Review-g11909534-d28040395-Reviews-Papa_Johns_Pizza-Fintas.html#REVIEWS
(1 review),Abu Halifa,,,0,,,https://www.tripadvisor.com/Restaurant_Review-g19481190-d21097607-Reviews-Koobs_Cafe-Abu_Halifa.html#REVIEWS
(1 review),Abu Halifa,,,0,,,https://www.tripadvisor.com/Restaurant_Review-g19481190-d20913316-Reviews-Elevation_Burger-Abu_Halifa.html#REVIEWS
(0 reviews),Abu Halifa,,,0,,,https://www.tripadvisor.com/Restaurant_Review-g19481190-d20307281-Reviews-Canteen_Restaurant-Abu_Halifa.html#REVIEWS
(0 reviews),Abu Halifa,,,0,,,https://www.tripadvisor.com/Restaurant_Review-g19481190-d21370984-Reviews-Sea_View-Abu_Halifa.html#REVIEWS
(0 reviews),Abu Halifa,,,0,,,https://www.tripadvisor.com/Restaurant_Review-g19481190-d20327087-Reviews-Elevation_Burger-Abu_Halifa.html#REVIEWS
(0 reviews),Abu Halifa,,,0,,,https://www.tripadvisor.com/Restaurant_Review-g19481190-d23880775-Reviews-Starbucks-Abu_Halifa.html#REVIEWS
(0 reviews),Abu Halifa,,,0,,,https://www.tripadvisor.com/Restaurant_Review-g19481190-d23722419-Reviews-Enab_Beirut_Restaurant_And_Cafe-Abu_Halifa.html#REVIEWS
(0 reviews),Abu Halifa,,,0,,,https://www.tripadvisor.com/Restaurant_Review-g19481190-d19999429-Reviews-BGR_Burgers_Grilled_Right-Abu_Halifa.html#REVIEWS
(0 reviews),Khaitan,,,0,,,https://www.tripadvisor.com/Restaurant_Review-g20946665-d20946316-Reviews-Starbucks-Khaitan_Kuwait_City.html#REVIEWS
(1 review),Sabah Al Salem,,,0,,,https://www.tripadvisor.com/Restaurant_Review-g23441422-d25573747-Reviews-Benihana_Sabah_Al_Salem-Sabah_Al_Salem_Mubarak_Al_Kabeer_Governorate.html#REVIEWS
(2 reviews),Sabah Al Salem,,,0,,,https://www.tripadvisor.com/Restaurant_Review-g23441422-d24043217-Reviews-Amiti_Noura-Sabah_Al_Salem_Mubarak_Al_Kabeer_Governorate.html#REVIEWS
(0 reviews),Sabah Al Salem,,,0,,,https://www.tripadvisor.com/Restaurant_Review-g23441422-d30986580-Reviews-Summer_Moon_Restaurant-Sabah_Al_Salem_Mubarak_Al_Kabeer_Governorate.html#REVIEWS
(0 reviews),Sabah Al Salem,,,0,,,https://www.tripadvisor.com/Restaurant_Review-g23441422-d23690814-Reviews-La_Vida_Loca_Cafe-Sabah_Al_Salem_Mubarak_Al_Kabeer_Governorate.html#REVIEWS
(0 reviews),Sabah Al Salem,,,0,,,https://www.tripadvisor.com/Restaurant_Review-g23441422-d23755624-Reviews-Papa_Johns_Pizza-Sabah_Al_Salem_Mubarak_Al_Kabeer_Governorate.html#REVIEWS
(1 review),Bneid Al Gar,,,0,,,https://www.tripadvisor.com/Restaurant_Review-g20998071-d23255763-Reviews-Wahid_Falafel-Bnied_Al_Gar.html#REVIEWS
(1 review),Bneid Al Gar,,,0,,,https://www.tripadvisor.com/Restaurant_Review-g20998071-d21331227-Reviews-The_Cheesecake_Factory-Bnied_Al_Gar.html#REVIEWS
(1 review),Bneid Al Gar,,,0,,,https://www.tripadvisor.com/Restaurant_Review-g20998071-d27427741-Reviews-Olivio-Bnied_Al_Gar.html#REVIEWS
(0 reviews),Bneid Al Gar,,,0,,,https://www.tripadvisor.com/Restaurant_Review-g20998071-d21508202-Reviews-Kabab_Al_Heja-Bnied_Al_Gar.html#REVIEWS
(1 review),Bneid Al Gar,,,0,,,https://www.tripadvisor.com/Restaurant_Review-g20998071-d33264463-Reviews-Chicken_Tikka-Bnied_Al_Gar.html#REVIEWS
(1 review),Bneid Al Gar,,,0,,,https://www.tripadvisor.com/Restaurant_Review-g20998071-d20996897-Reviews-Starbucks-Bnied_Al_Gar.html#REVIEWS
(0 reviews),Bneid Al Gar,,,0,,,https://www.tripadvisor.com/Restaurant_Review-g20998071-d24089650-Reviews-Principale_Ristorante_Di_Nino-Bnied_Al_Gar.html#REVIEWS
(0 reviews),Bneid Al Gar,,,0,,,https://www.tripadvisor.com/Restaurant_Review-g20998071-d27959759-Reviews-Fish_Market_Towers-Bnied_Al_Gar.html#REVIEWS
(0 reviews),Bneid Al Gar,,,0,,,https://www.tripadvisor.com/Restaurant_Review-g20998071-d23189435-Reviews-Gharayef_Bnied_Al_Gar-Bnied_Al_Gar.html#REVIEWS
"RESTAURANTCaesars Restaurant EgailaEqaila, Kuwait",Egaila,,,0,,,https://www.tripadvisor.com/Restaurant_Review-g20952429-d21495118-Reviews-Caesars_Restaurant_Egaila-Eqaila.html
(129 reviews),Riggae,,,0,,,https://www.tripadvisor.com/Restaurant_Review-g35586-d2338372-Reviews-Bert_and_Kate_s_Cattlemen_s_Family_Restaurant-Riggins_Idaho.html#REVIEWS
(196 reviews),Riggae,,,0,,,https://www.tripadvisor.com/Restaurant_Review-g35586-d3225291-Reviews-Seven_Devils_Steakhouse_and_Saloon-Riggins_Idaho.html#REVIEWS
(185 reviews),Riggae,,,0,,,https://www.tripadvisor.com/Restaurant_Review-g35586-d2059871-Reviews-River_Rock_Cafe-Riggins_Idaho.html#REVIEWS
(29 reviews),Riggae,,,0,,,https://www.tripadvisor.com/Restaurant_Review-g35586-d5503072-Reviews-Summervilles_Steakhouse_Pizza_House_Brewery_Bar-Riggins_Idaho.html#REVIEWS
(2 reviews),Riggae,,,0,,,https://www.tripadvisor.com/Restaurant_Review-g35586-d34004456-Reviews-Outcast_Diner-Riggins_Idaho.html#REVIEWS
(11 reviews),Riggae,,,0,,,https://www.tripadvisor.com/Restaurant_Review-g35586-d10551417-Reviews-Salmon_River_Inn_Summervilles_Bar_Cafe-Riggins_Idaho.html#REVIEWS
(5 reviews),Riggae,,,0,,,https://www.tripadvisor.com/Restaurant_Review-g35586-d14445943-Reviews-Canyon_Creamery-Riggins_Idaho.html#REVIEWS
(0 reviews),Riggae,,,0,,,https://www.tripadvisor.com/Restaurant_Review-g35586-d28161892-Reviews-Bluetick_Coffee_Riggins-Riggins_Idaho.html#REVIEWS
"RESTAURANTStarbucks Al Surra, Block 3, 10 StKuwait City, Kuwait",Surra,,,0,,,https://www.tripadvisor.com/Restaurant_Review-g294003-d24171907-Reviews-Starbucks_Al_Surra_Block_3_10_St-Kuwait_City.html
"RESTAURANTMcdonald's Al SurraKuwait City, Kuwait",Surra,,,0,,,https://www.tripadvisor.com/Restaurant_Review-g294003-d21359846-Reviews-Mcdonald_s_Al_Surra-Kuwait_City.html
(1 review),Rumaithiya,,,0,,,https://www.tripadvisor.com/Restaurant_Review-g20952490-d20952054-Reviews-Starbucks-Rumaithiya_Hawalli_Governorate.html#REVIEWS
(0 reviews),Rumaithiya,,,0,,,https://www.tripadvisor.com/Restaurant_Review-g20952490-d20257683-Reviews-Sky_Lounge-Rumaithiya_Hawalli_Governorate.html#REVIEWS
(0 reviews),Qurtuba,,,0,,,https://www.tripadvisor.com/Restaurant_Review-g28022217-d21378835-Reviews-Papa_Johns_Pizza-Qurtoba_Kuwait_City.html#REVIEWS
(0 reviews),Qurtuba,,,0,,,https://www.tripadvisor.com/Restaurant_Review-g28022217-d33325246-Reviews-Funburger-Qurtoba_Kuwait_City.html#REVIEWS
(0 reviews),Kaifan,,,0,,,https://www.tripadvisor.com/Restaurant_Review-g28022235-d23755690-Reviews-Papa_Johns_Pizza-Kaifan_Kuwait_City.html#REVIEWS
(0 reviews),Kaifan,,,0,,,https://www.tripadvisor.com/Restaurant_Review-g28022235-d28040392-Reviews-Papa_Johns_Pizza-Kaifan_Kuwait_City.html#REVIEWS
(1 review),Abdullah Al Mubarak,,,0,,,https://www.tripadvisor.com/Restaurant_Review-g20952449-d20952137-Reviews-Starbucks-Abdullah_Al_Mubarak_Al_Sabah.html#REVIEWS
(1 review),Abdullah Al Mubarak,,,0,,,https://www.tripadvisor.com/Restaurant_Review-g20952449-d22957146-Reviews-Morrano-Abdullah_Al_Mubarak_Al_Sabah.html#REVIEWS
(0 reviews),Abdullah Al Mubarak,,,0,,,https://www.tripadvisor.com/Restaurant_Review-g20952449-d22962757-Reviews-Fatosh_Abdullah_Al_Mubarak-Abdullah_Al_Mubarak_Al_Sabah.html#REVIEWS
"RESTAURANTAndalous Mediterranean Grill4.44.4 of 5 bubbles(259 reviews)Irving, Texas48 mentions ofAndalous""…Andalous continues to serve large portions of delicious 
healthy Mediterranean…""",Andalous,,,0,,,https://www.tripadvisor.com/Restaurant_Review-g56032-d3396355-Reviews-Andalous_Mediterranean_Grill-Irving_Texas.html
(259 reviews),Andalous,,,0,,,https://www.tripadvisor.com/Restaurant_Review-g56032-d3396355-Reviews-Andalous_Mediterranean_Grill-Irving_Texas.html#REVIEWS
"RESTAURANTAndalous Mediterranean Grill4.34.3 of 5 bubbles(89 reviews)Arlington, Texas17 mentions ofAndalous""…work group needed a spot to eat after returning from a site tour, andAndalous…""",Andalous,,,0,,,https://www.tripadvisor.com/Restaurant_Review-g30183-d8326581-Reviews-Andalous_Mediterranean_Grill-Arlington_Texas.html
(89 reviews),Andalous,,,0,,,https://www.tripadvisor.com/Restaurant_Review-g30183-d8326581-Reviews-Andalous_Mediterranean_Grill-Arlington_Texas.html#REVIEWS
"RESTAURANTAndalous Shisha Lounge4.04 of 5 bubbles(115 reviews)Prague, Czech Republic4 mentions ofAndalous""…I visitedAndalousshisha cafe solo after a day of sightseeing and wanted…""",Andalous,,,0,,,https://www.tripadvisor.com/Restaurant_Review-g274707-d4209821-Reviews-Andalous_Shisha_Lounge-Prague_Bohemia.html
(115 reviews),Andalous,,,0,,,https://www.tripadvisor.com/Restaurant_Review-g274707-d4209821-Reviews-Andalous_Shisha_Lounge-Prague_Bohemia.html#REVIEWS
"RESTAURANTRiad Al Andalous4.64.6 of 5 bubbles(151 reviews)Tangier, Morocco11 mentions ofAndalous""…We had a wonderful experience at Riad AlAndalousin Tangier.…""",Andalous,,,0,,,https://www.tripadvisor.com/Restaurant_Review-g293737-d16843954-Reviews-Riad_Al_Andalous-Tangier_Tanger_Tetouan_Al_Hoceima.html
(151 reviews),Andalous,,,0,,,https://www.tripadvisor.com/Restaurant_Review-g293737-d16843954-Reviews-Riad_Al_Andalous-Tangier_Tanger_Tetouan_Al_Hoceima.html#REVIEWS
"RESTAURANTAndalous Resturant2.12.1 of 5 bubbles(47 reviews)Jerusalem, Israel1 mention ofAndalous""…walking in the old city of Jerusalem, it was lunch time and we foundAndalous…""",Andalous,,,0,,,https://www.tripadvisor.com/Restaurant_Review-g293983-d11904567-Reviews-Andalous_Resturant-Jerusalem_Jerusalem_District.html
(47 reviews),Andalous,,,0,,,https://www.tripadvisor.com/Restaurant_Review-g293983-d11904567-Reviews-Andalous_Resturant-Jerusalem_Jerusalem_District.html#REVIEWS
"RESTAURANTRestaurant Andalous3.03 of 5 bubbles(36 reviews)Tunis, Tunisia1 mention ofAndalous""…Anyhow - the only reminder of the very goodAndalousof yesteryear are…""",Andalous,,,0,,,https://www.tripadvisor.com/Restaurant_Review-g293758-d2540853-Reviews-Restaurant_Andalous-Tunis_Tunis_Governorate.html
(36 reviews),Andalous,,,0,,,https://www.tripadvisor.com/Restaurant_Review-g293758-d2540853-Reviews-Restaurant_Andalous-Tunis_Tunis_Governorate.html#REVIEWS
"RESTAURANTNew Andalous3.63.6 of 5 bubbles(58 reviews)Tangier, Morocco1 mention ofAndalous""…I recently had a disappointing experience at Café NewAndalousin Tanger…""",Andalous,,,0,,,https://www.tripadvisor.com/Restaurant_Review-g293737-d13964098-Reviews-New_Andalous-Tangier_Tanger_Tetouan_Al_Hoceima.html
(58 reviews),Andalous,,,0,,,https://www.tripadvisor.com/Restaurant_Review-g293737-d13964098-Reviews-New_Andalous-Tangier_Tanger_Tetouan_Al_Hoceima.html#REVIEWS
"RESTAURANTAndalous Mediterranean Buffet3.83.8 of 5 bubbles(12 reviews)Richardson, Texas1 mention ofAndalous""…Three of us went toAndalousfor the lunch buffet and nobody left hungry…""",Andalous,,,0,,,https://www.tripadvisor.com/Restaurant_Review-g56538-d19331379-Reviews-Andalous_Mediterranean_Buffet-Richardson_Texas.html
(12 reviews),Andalous,,,0,,,https://www.tripadvisor.com/Restaurant_Review-g56538-d19331379-Reviews-Andalous_Mediterranean_Buffet-Richardson_Texas.html#REVIEWS
"RESTAURANTEl Andalous4.34.3 of 5 bubbles(22 reviews)Casablanca, Morocco",Andalous,,,0,,,https://www.tripadvisor.com/Restaurant_Review-g293732-d5488815-Reviews-El_Andalous-Casablanca_Casablanca_Settat.html
(22 reviews),Andalous,,,0,,,https://www.tripadvisor.com/Restaurant_Review-g293732-d5488815-Reviews-El_Andalous-Casablanca_Casablanca_Settat.html#REVIEWS
"RESTAURANTRestaurant Al Andalous4.54.5 of 5 bubbles(12 reviews)Tangier, Morocco",Andalous,,,0,,,https://www.tripadvisor.com/Restaurant_Review-g293737-d5942121-Reviews-Restaurant_Al_Andalous-Tangier_Tanger_Tetouan_Al_Hoceima.html
(12 reviews),Andalous,,,0,,,https://www.tripadvisor.com/Restaurant_Review-g293737-d5942121-Reviews-Restaurant_Al_Andalous-Tangier_Tanger_Tetouan_Al_Hoceima.html#REVIEWS
"RESTAURANTRestaurant Andalous3.33.3 of 5 bubbles(24 reviews)Fez, Morocco",Andalous,,,0,,,https://www.tripadvisor.com/Restaurant_Review-g293733-d2305555-Reviews-Restaurant_Andalous-Fez_Fez_Meknes.html
(24 reviews),Andalous,,,0,,,https://www.tripadvisor.com/Restaurant_Review-g293733-d2305555-Reviews-Restaurant_Andalous-Fez_Fez_Meknes.html#REVIEWS
"RESTAURANTAndalousMons-en-Baroeul, Hauts-de-France, France",Andalous,,,0,,,https://www.tripadvisor.com/Restaurant_Review-g1080561-d34268499-Reviews-Andalous-Mons_en_Baroeul_Lille_Nord_Hauts_de_France.html
"RESTAURANTEl Andalous4.84.8 of 5 bubbles(37 reviews)Lyon, Auvergne-Rhône-Alpes, France",Andalous,,,0,,,https://www.tripadvisor.com/Restaurant_Review-g187265-d19343715-Reviews-El_Andalous-Lyon_Rhone_Auvergne_Rhone_Alpes.html
(37 reviews),Andalous,,,0,,,https://www.tripadvisor.com/Restaurant_Review-g187265-d19343715-Reviews-El_Andalous-Lyon_Rhone_Auvergne_Rhone_Alpes.html#REVIEWS
"RESTAURANTRouad El Andalous4.14.1 of 5 bubbles(16 reviews)Algiers, Algeria",Andalous,,,0,,,https://www.tripadvisor.com/Restaurant_Review-g293718-d7161748-Reviews-Rouad_El_Andalous-Algiers_Algiers_Province.html
(16 reviews),Andalous,,,0,,,https://www.tripadvisor.com/Restaurant_Review-g293718-d7161748-Reviews-Rouad_El_Andalous-Algiers_Algiers_Province.html#REVIEWS
"RESTAURANTRestaurant Andalous Asilah4.74.7 of 5 bubbles(3 reviews)Asilah, Morocco",Andalous,,,0,,,https://www.tripadvisor.com/Restaurant_Review-g304012-d18640658-Reviews-Restaurant_Andalous_Asilah-Asilah_Tanger_Tetouan_Al_Hoceima.html
(3 reviews),Andalous,,,0,,,https://www.tripadvisor.com/Restaurant_Review-g304012-d18640658-Reviews-Restaurant_Andalous_Asilah-Asilah_Tanger_Tetouan_Al_Hoceima.html#REVIEWS
"RESTAURANTAl Andalous grille&co4.04 of 5 bubbles(2 reviews)Rabat, Morocco",Andalous,,,0,,,https://www.tripadvisor.com/Restaurant_Review-g293736-d19756380-Reviews-Al_Andalous_grille_co-Rabat_Rabat_Sale_Kenitra.html
(2 reviews),Andalous,,,0,,,https://www.tripadvisor.com/Restaurant_Review-g293736-d19756380-Reviews-Al_Andalous_grille_co-Rabat_Rabat_Sale_Kenitra.html#REVIEWS
"RESTAURANTEl Andalous CafeSharm El Sheikh, Egypt",Andalous,,,0,,,https://www.tripadvisor.com/Restaurant_Review-g297555-d2726680-Reviews-El_Andalous_Cafe-Sharm_El_Sheikh_South_Sinai_Red_Sea_and_Sinai.html
"RESTAURANTMarché Al AndalousGatineau, Quebec, Canada",Andalous,,,0,,,https://www.tripadvisor.com/Restaurant_Review-g182166-d27285052-Reviews-Marche_Al_Andalous-Gatineau_Outaouais_Region_Quebec.html
"RESTAURANTGrillade Al AndalousTemara, Morocco",Andalous,,,0,,,https://www.tripadvisor.com/Restaurant_Review-g1202690-d27731119-Reviews-Grillade_Al_Andalous-Temara_Rabat_Sale_Kenitra.html
"RESTAURANTGrillroom Pizzeria AndalousNieuwegein, The Netherlands",Andalous,,,0,,,https://www.tripadvisor.com/Restaurant_Review-g659789-d27632450-Reviews-Grillroom_Pizzeria_Andalous-Nieuwegein.html
"RESTAURANTSalon de The Al AndalousLyon, Auvergne-Rhône-Alpes, France",Andalous,,,0,,,https://www.tripadvisor.com/Restaurant_Review-g187265-d34527946-Reviews-Salon_de_The_Al_Andalous-Lyon_Rhone_Auvergne_Rhone_Alpes.html
"RESTAURANTBayet AndalousRabat, Morocco",Andalous,,,0,,,https://www.tripadvisor.com/Restaurant_Review-g293736-d33071805-Reviews-Bayet_Andalous-Rabat_Rabat_Sale_Kenitra.html
"RESTAURANTRestaurant AndalousMarrakech, Morocco",Andalous,,,0,,,https://www.tripadvisor.com/Restaurant_Review-g293734-d33362286-Reviews-Restaurant_Andalous-Marrakech_Marrakech_Safi.html
"RESTAURANTAndalous EethuisAmersfoort, The Netherlands",Andalous,,,0,,,https://www.tripadvisor.com/Restaurant_Review-g188613-d23852452-Reviews-Andalous_Eethuis-Amersfoort.html
"RESTAURANTCafé El AndalousSale, Morocco",Andalous,,,0,,,https://www.tripadvisor.com/Restaurant_Review-g660175-d17740414-Reviews-Cafe_El_Andalous-Sale_Rabat_Sale_Kenitra.html
"RESTAURANTTrattoria Al Gazzettino4.54.5 of 5 bubbles(17,738 reviews)Venice, Veneto, Italy",Jleeb Al Shuyoukh,,,0,,,https://www.tripadvisor.com/Restaurant_Review-g187870-d1510422-Reviews-Trattoria_Al_Gazzettino-Venice_Veneto.html
"(17,738 reviews)",Jleeb Al Shuyoukh,,,0,,,https://www.tripadvisor.com/Restaurant_Review-g187870-d1510422-Reviews-Trattoria_Al_Gazzettino-Venice_Veneto.html#REVIEWS
"RESTAURANTDa Enzo Al 294.34.3 of 5 bubbles(5,556 reviews)Rome, Lazio, Italy",Jleeb Al Shuyoukh,,,0,,,https://www.tripadvisor.com/Restaurant_Review-g187791-d2231399-Reviews-Da_Enzo_Al_29-Rome_Lazio.html
"(5,556 reviews)",Jleeb Al Shuyoukh,,,0,,,https://www.tripadvisor.com/Restaurant_Review-g187791-d2231399-Reviews-Da_Enzo_Al_29-Rome_Lazio.html#REVIEWS
"RESTAURANTAl Grill4.84.8 of 5 bubbles(1,307 reviews)Venice, Veneto, Italy",Jleeb Al Shuyoukh,,,0,,,https://www.tripadvisor.com/Restaurant_Review-g187870-d17577217-Reviews-Al_Grill-Venice_Veneto.html
"(1,307 reviews)",Jleeb Al Shuyoukh,,,0,,,https://www.tripadvisor.com/Restaurant_Review-g187870-d17577217-Reviews-Al_Grill-Venice_Veneto.html#REVIEWS
"RESTAURANTAl Khal Egyptian Restaurant4.94.9 of 5 bubbles(3,365 reviews)Cairo, Egypt",Jleeb Al Shuyoukh,,,0,,,https://www.tripadvisor.com/Restaurant_Review-g294201-d2715802-Reviews-Al_Khal_Egyptian_Restaurant-Cairo_Cairo_Governorate.html
"(3,365 reviews)",Jleeb Al Shuyoukh,,,0,,,https://www.tripadvisor.com/Restaurant_Review-g294201-d2715802-Reviews-Al_Khal_Egyptian_Restaurant-Cairo_Cairo_Governorate.html#REVIEWS
"RESTAURANTL'Ancora Della Tortuga4.44.4 of 5 bubbles(1,875 reviews)Monterosso al Mare, Italian Riviera, Italy",Jleeb Al Shuyoukh,,,0,,,https://www.tripadvisor.com/Restaurant_Review-g187820-d1111538-Reviews-L_Ancora_Della_Tortuga-Monterosso_al_Mare_Cinque_Terre_Italian_Riviera_Liguria.html
"(1,875 reviews)",Jleeb Al Shuyoukh,,,0,,,https://www.tripadvisor.com/Restaurant_Review-g187820-d1111538-Reviews-L_Ancora_Della_Tortuga-Monterosso_al_Mare_Cinque_Terre_Italian_Riviera_Liguria.html#REVIEWS
"RESTAURANTZaitouna4.94.9 of 5 bubbles(1,773 reviews)Ras Al Khaimah, United Arab Emirates",Jleeb Al Shuyoukh,,,0,,,https://www.tripadvisor.com/Restaurant_Review-g298063-d7619379-Reviews-Zaitouna-Ras_Al_Khaimah_Emirate_of_Ras_Al_Khaimah.html
"(1,773 reviews)",Jleeb Al Shuyoukh,,,0,,,https://www.tripadvisor.com/Restaurant_Review-g298063-d7619379-Reviews-Zaitouna-Ras_Al_Khaimah_Emirate_of_Ras_Al_Khaimah.html#REVIEWS
"RESTAURANTGambino's Italian Grill4.84.8 of 5 bubbles(2,572 reviews)Fairhope, Alabama",Jleeb Al Shuyoukh,,,0,,,https://www.tripadvisor.com/Restaurant_Review-g30521-d3599403-Reviews-Gambino_s_Italian_Grill-Fairhope_Alabama.html
"(2,572 reviews)",Jleeb Al Shuyoukh,,,0,,,https://www.tripadvisor.com/Restaurant_Review-g30521-d3599403-Reviews-Gambino_s_Italian_Grill-Fairhope_Alabama.html#REVIEWS
"RESTAURANTFish River Grill4.54.5 of 5 bubbles(981 reviews)Gulf Shores, Alabama",Jleeb Al Shuyoukh,,,0,,,https://www.tripadvisor.com/Restaurant_Review-g30582-d8002427-Reviews-Fish_River_Grill-Gulf_Shores_Alabama.html
(981 reviews),Jleeb Al Shuyoukh,,,0,,,https://www.tripadvisor.com/Restaurant_Review-g30582-d8002427-Reviews-Fish_River_Grill-Gulf_Shores_Alabama.html#REVIEWS
"RESTAURANTBahama Bob's Beach Side Cafe4.34.3 of 5 bubbles(2,412 reviews)Gulf Shores, Alabama",Jleeb Al Shuyoukh,,,0,,,https://www.tripadvisor.com/Restaurant_Review-g30582-d655775-Reviews-Bahama_Bob_s_Beach_Side_Cafe-Gulf_Shores_Alabama.html
"(2,412 reviews)",Jleeb Al Shuyoukh,,,0,,,https://www.tripadvisor.com/Restaurant_Review-g30582-d655775-Reviews-Bahama_Bob_s_Beach_Side_Cafe-Gulf_Shores_Alabama.html#REVIEWS
"RESTAURANTRistorante Miky4.44.4 of 5 bubbles(2,546 reviews)Monterosso al Mare, Italian Riviera, Italy",Jleeb Al Shuyoukh,,,0,,,https://www.tripadvisor.com/Restaurant_Review-g187820-d1111550-Reviews-Ristorante_Miky-Monterosso_al_Mare_Cinque_Terre_Italian_Riviera_Liguria.html
"(2,546 reviews)",Jleeb Al Shuyoukh,,,0,,,https://www.tripadvisor.com/Restaurant_Review-g187820-d1111550-Reviews-Ristorante_Miky-Monterosso_al_Mare_Cinque_Terre_Italian_Riviera_Liguria.html#REVIEWS
"RESTAURANTMosaic Restaurant - Al Muroor4.94.9 of 5 bubbles(1,563 reviews)Abu Dhabi, United Arab Emirates",Jleeb Al Shuyoukh,,,0,,,https://www.tripadvisor.com/Restaurant_Review-g294013-d10430119-Reviews-Mosaic_Restaurant_Al_Muroor-Abu_Dhabi_Emirate_of_Abu_Dhabi.html
"(1,563 reviews)",Jleeb Al Shuyoukh,,,0,,,https://www.tripadvisor.com/Restaurant_Review-g294013-d10430119-Reviews-Mosaic_Restaurant_Al_Muroor-Abu_Dhabi_Emirate_of_Abu_Dhabi.html#REVIEWS
"RESTAURANTAl Khayma Heritage Restaurant & Cafe4.94.9 of 5 bubbles(1,653 reviews)Dubai, United Arab Emirates",Jleeb Al Shuyoukh,,,0,,,https://www.tripadvisor.com/Restaurant_Review-g295424-d23007236-Reviews-Al_Khayma_Heritage_Restaurant_Cafe-Dubai_Emirate_of_Dubai.html
"(1,653 reviews)",Jleeb Al Shuyoukh,,,0,,,https://www.tripadvisor.com/Restaurant_Review-g295424-d23007236-Reviews-Al_Khayma_Heritage_Restaurant_Cafe-Dubai_Emirate_of_Dubai.html#REVIEWS
"RESTAURANTAlbaik4.34.3 of 5 bubbles(1,685 reviews)Mecca, Saudi Arabia",Jleeb Al Shuyoukh,,,0,,,https://www.tripadvisor.com/Restaurant_Review-g293993-d788527-Reviews-Albaik-Mecca_Makkah_Province.html
"(1,685 reviews)",Jleeb Al Shuyoukh,,,0,,,https://www.tripadvisor.com/Restaurant_Review-g293993-d788527-Reviews-Albaik-Mecca_Makkah_Province.html#REVIEWS
"RESTAURANTAl Baik4.44.4 of 5 bubbles(2,396 reviews)Jeddah, Saudi Arabia",Jleeb Al Shuyoukh,,,0,,,https://www.tripadvisor.com/Restaurant_Review-g295419-d806681-Reviews-Al_Baik-Jeddah_Makkah_Province.html
"(2,396 reviews)",Jleeb Al Shuyoukh,,,0,,,https://www.tripadvisor.com/Restaurant_Review-g295419-d806681-Reviews-Al_Baik-Jeddah_Makkah_Province.html#REVIEWS
"RESTAURANTThe Rooms Restaurant4.74.7 of 5 bubbles(927 reviews)Tirana, Albania",Jleeb Al Shuyoukh,,,0,,,https://www.tripadvisor.com/Restaurant_Review-g294446-d8867438-Reviews-The_Rooms_Restaurant-Tirana_Tirana_County.html
(927 reviews),Jleeb Al Shuyoukh,,,0,,,https://www.tripadvisor.com/Restaurant_Review-g294446-d8867438-Reviews-The_Rooms_Restaurant-Tirana_Tirana_County.html#REVIEWS
"RESTAURANTAl Nafoura Lebanese Restaurant4.84.8 of 5 bubbles(1,192 reviews)Jakarta, Indonesia",Jleeb Al Shuyoukh,,,0,,,https://www.tripadvisor.com/Restaurant_Review-g294229-d862663-Reviews-Al_Nafoura_Lebanese_Restaurant-Jakarta_Java.html
"(1,192 reviews)",Jleeb Al Shuyoukh,,,0,,,https://www.tripadvisor.com/Restaurant_Review-g294229-d862663-Reviews-Al_Nafoura_Lebanese_Restaurant-Jakarta_Java.html#REVIEWS
"RESTAURANTBurj Al Hamam4.94.9 of 5 bubbles(2,859 reviews)Amman, Jordan",Jleeb Al Shuyoukh,,,0,,,https://www.tripadvisor.com/Restaurant_Review-g293986-d1181235-Reviews-Burj_Al_Hamam-Amman_Amman_Governorate.html
"(2,859 reviews)",Jleeb Al Shuyoukh,,,0,,,https://www.tripadvisor.com/Restaurant_Review-g293986-d1181235-Reviews-Burj_Al_Hamam-Amman_Amman_Governorate.html#REVIEWS
"RESTAURANTRistorante Pizzeria Al Saraceno4.54.5 of 5 bubbles(2,025 reviews)Taormina, Italy",Jleeb Al Shuyoukh,,,0,,,https://www.tripadvisor.com/Restaurant_Review-g187892-d1023273-Reviews-Ristorante_Pizzeria_Al_Saraceno-Taormina_Province_of_Messina_Sicily.html
"(2,025 reviews)",Jleeb Al Shuyoukh,,,0,,,https://www.tripadvisor.com/Restaurant_Review-g187892-d1023273-Reviews-Ristorante_Pizzeria_Al_Saraceno-Taormina_Province_of_Messina_Sicily.html#REVIEWS
"RESTAURANTAl Wadi Restaurant4.84.8 of 5 bubbles(5,630 reviews)Petra - Wadi Musa, Jordan",Jleeb Al Shuyoukh,,,0,,,https://www.tripadvisor.com/Restaurant_Review-g318895-d1191095-Reviews-Al_Wadi_Restaurant-Petra_Wadi_Musa_Ma_an_Governorate.html
"(5,630 reviews)",Jleeb Al Shuyoukh,,,0,,,https://www.tripadvisor.com/Restaurant_Review-g318895-d1191095-Reviews-Al_Wadi_Restaurant-Petra_Wadi_Musa_Ma_an_Governorate.html#REVIEWS
"RESTAURANTAl Boom Steak & Seafood Restaurant4.54.5 of 5 bubbles(217 reviews)Kuwait City, Kuwait",Jleeb Al Shuyoukh,,,0,,,https://www.tripadvisor.com/Restaurant_Review-g294003-d1101363-Reviews-Al_Boom_Steak_Seafood_Restaurant-Kuwait_City.html
(217 reviews),Jleeb Al Shuyoukh,,,0,,,https://www.tripadvisor.com/Restaurant_Review-g294003-d1101363-Reviews-Al_Boom_Steak_Seafood_Restaurant-Kuwait_City.html#REVIEWS
"RESTAURANTAl Punt4.64.6 of 5 bubbles(2,125 reviews)Cambrils, Costa Dorada, Spain",Jleeb Al Shuyoukh,,,0,,,https://www.tripadvisor.com/Restaurant_Review-g580328-d7258963-Reviews-Al_Punt-Cambrils_Baix_Camp_Costa_Dorada_Province_of_Tarragona_Catalonia.html
"(2,125 reviews)",Jleeb Al Shuyoukh,,,0,,,https://www.tripadvisor.com/Restaurant_Review-g580328-d7258963-Reviews-Al_Punt-Cambrils_Baix_Camp_Costa_Dorada_Province_of_Tarragona_Catalonia.html#REVIEWS
"RESTAURANTAl Faro di Portofino Lounge Bar4.44.4 of 5 bubbles(782 reviews)Portofino, Italian Riviera, Italy",Jleeb Al Shuyoukh,,,0,,,https://www.tripadvisor.com/Restaurant_Review-g187825-d5861871-Reviews-Al_Faro_di_Portofino_Lounge_Bar-Portofino_Italian_Riviera_Liguria.html
(782 reviews),Jleeb Al Shuyoukh,,,0,,,https://www.tripadvisor.com/Restaurant_Review-g187825-d5861871-Reviews-Al_Faro_di_Portofino_Lounge_Bar-Portofino_Italian_Riviera_Liguria.html#REVIEWS
"RESTAURANTAl Frio y Al Fuego4.34.3 of 5 bubbles(1,468 reviews)Iquitos, Peru",Jleeb Al Shuyoukh,,,0,,,https://www.tripadvisor.com/Restaurant_Review-g294315-d2182172-Reviews-Al_Frio_y_Al_Fuego-Iquitos_Loreto_Region.html
"(1,468 reviews)",Jleeb Al Shuyoukh,,,0,,,https://www.tripadvisor.com/Restaurant_Review-g294315-d2182172-Reviews-Al_Frio_y_Al_Fuego-Iquitos_Loreto_Region.html#REVIEWS
"RESTAURANTAl-Sanbok Restaurant4.54.5 of 5 bubbles(941 reviews)Al Khobar, Saudi Arabia",Jleeb Al Shuyoukh,,,0,,,https://www.tripadvisor.com/Restaurant_Review-g298545-d1576305-Reviews-Al_Sanbok_Restaurant-Al_Khobar_Eastern_Province.html
(941 reviews),Jleeb Al Shuyoukh,,,0,,,https://www.tripadvisor.com/Restaurant_Review-g298545-d1576305-Reviews-Al_Sanbok_Restaurant-Al_Khobar_Eastern_Province.html#REVIEWS
"RESTAURANTIntercontinental Al Ferdaus4.74.7 of 5 bubbles(80 reviews)Jeddah, Saudi Arabia",Jleeb Al Shuyoukh,,,0,,,https://www.tripadvisor.com/Restaurant_Review-g295419-d2186966-Reviews-Intercontinental_Al_Ferdaus-Jeddah_Makkah_Province.html
(80 reviews),Jleeb Al Shuyoukh,,,0,,,https://www.tripadvisor.com/Restaurant_Review-g295419-d2186966-Reviews-Intercontinental_Al_Ferdaus-Jeddah_Makkah_Province.html#REVIEWS
"RESTAURANTMataam Al Sharq4.84.8 of 5 bubbles(141 reviews)Jeddah, Saudi Arabia",Jleeb Al Shuyoukh,,,0,,,https://www.tripadvisor.com/Restaurant_Review-g295419-d7812156-Reviews-Mataam_Al_Sharq-Jeddah_Makkah_Province.html
(141 reviews),Jleeb Al Shuyoukh,,,0,,,https://www.tripadvisor.com/Restaurant_Review-g295419-d7812156-Reviews-Mataam_Al_Sharq-Jeddah_Makkah_Province.html#REVIEWS
"RESTAURANTAl Dawaar Revolving Restaurant4.84.8 of 5 bubbles(3,579 reviews)Dubai, United Arab Emirates",Jleeb Al Shuyoukh,,,0,,,https://www.tripadvisor.com/Restaurant_Review-g295424-d814928-Reviews-Al_Dawaar_Revolving_Restaurant-Dubai_Emirate_of_Dubai.html
"(3,579 reviews)",Jleeb Al Shuyoukh,,,0,,,https://www.tripadvisor.com/Restaurant_Review-g295424-d814928-Reviews-Al_Dawaar_Revolving_Restaurant-Dubai_Emirate_of_Dubai.html#REVIEWS
"RESTAURANTAl Sangiovese4.54.5 of 5 bubbles(2,455 reviews)Bologna, Emilia-Romagna, Italy",Jleeb Al Shuyoukh,,,0,,,https://www.tripadvisor.com/Restaurant_Review-g187801-d1550805-Reviews-Al_Sangiovese-Bologna_Province_of_Bologna_Emilia_Romagna.html
"(2,455 reviews)",Jleeb Al Shuyoukh,,,0,,,https://www.tripadvisor.com/Restaurant_Review-g187801-d1550805-Reviews-Al_Sangiovese-Bologna_Province_of_Bologna_Emilia_Romagna.html#REVIEWS
"RESTAURANTAl's Finger Licking Good Bar-B-Que4.64.6 of 5 bubbles(314 reviews)Tampa, Florida",Jleeb Al Shuyoukh,,,0,,,https://www.tripadvisor.com/Restaurant_Review-g34678-d1983995-Reviews-Al_s_Finger_Licking_Good_Bar_B_Que-Tampa_Florida.html
(314 reviews),Jleeb Al Shuyoukh,,,0,,,https://www.tripadvisor.com/Restaurant_Review-g34678-d1983995-Reviews-Al_s_Finger_Licking_Good_Bar_B_Que-Tampa_Florida.html#REVIEWS
"RESTAURANTAl Waha Gulf Hotel4.84.8 of 5 bubbles(519 reviews)Manama, Bahrain",Jleeb Al Shuyoukh,,,0,,,https://www.tripadvisor.com/Restaurant_Review-g293997-d5484491-Reviews-Al_Waha_Gulf_Hotel-Manama.html
(519 reviews),Jleeb Al Shuyoukh,,,0,,,https://www.tripadvisor.com/Restaurant_Review-g293997-d5484491-Reviews-Al_Waha_Gulf_Hotel-Manama.html#REVIEWS
"RESTAURANTSulaibikhat Traditional Cafe4.04 of 5 bubbles(1 review)Kuwait City, Kuwait",Sulaibikhat,,,0,,,https://www.tripadvisor.com/Restaurant_Review-g294003-d21380746-Reviews-Sulaibikhat_Traditional_Cafe-Kuwait_City.html
(1 review),Sulaibikhat,,,0,,,https://www.tripadvisor.com/Restaurant_Review-g294003-d21380746-Reviews-Sulaibikhat_Traditional_Cafe-Kuwait_City.html#REVIEWS
(335 reviews),Doha,,,0,,,https://www.tripadvisor.com/Restaurant_Review-g294009-d19632666-Reviews-Sora_Rooftop-Doha.html#REVIEWS
(761 reviews),Doha,,,0,,,https://www.tripadvisor.com/Restaurant_Review-g294009-d19815762-Reviews-Bayt_El_Talleh_Restaurant-Doha.html#REVIEWS
(631 reviews),Doha,,,0,,,https://www.tripadvisor.com/Restaurant_Review-g294009-d23412579-Reviews-Saffron_Thai_Restaurant-Doha.html#REVIEWS
"(2,532 reviews)",Doha,,,0,,,https://www.tripadvisor.com/Restaurant_Review-g294009-d2538605-Reviews-Ipanema-Doha.html#REVIEWS
"(3,358 reviews)",Doha,,,0,,,https://www.tripadvisor.com/Restaurant_Review-g294009-d10022007-Reviews-Seasonal_Tastes-Doha.html#REVIEWS
"(1,623 reviews)",Doha,,,0,,,https://www.tripadvisor.com/Restaurant_Review-g294009-d10022024-Reviews-Sabai_Thai_Restaurant-Doha.html#REVIEWS
(748 reviews),Doha,,,0,,,https://www.tripadvisor.com/Restaurant_Review-g294009-d12537777-Reviews-Parisa_at_Souq_Waqif-Doha.html#REVIEWS
"(6,195 reviews)",Doha,,,0,,,https://www.tripadvisor.com/Restaurant_Review-g294009-d1576497-Reviews-Spice_Market-Doha.html#REVIEWS
(275 reviews),Doha,,,0,,,https://www.tripadvisor.com/Restaurant_Review-g294009-d33017711-Reviews-Senor_Pico_Doha-Doha.html#REVIEWS
(208 reviews),Doha,,,0,,,https://www.tripadvisor.com/Restaurant_Review-g294009-d29529993-Reviews-La_Maison_De_L_entrecote-Doha.html#REVIEWS
"(1,790 reviews)",Doha,,,0,,,https://www.tripadvisor.com/Restaurant_Review-g294009-d8835978-Reviews-Olive_Oil-Doha.html#REVIEWS
(828 reviews),Doha,,,0,,,https://www.tripadvisor.com/Restaurant_Review-g294009-d21119879-Reviews-COYA_Doha-Doha.html#REVIEWS
"(2,670 reviews)",Doha,,,0,,,https://www.tripadvisor.com/Restaurant_Review-g294009-d10902461-Reviews-Wahm-Doha.html#REVIEWS
(396 reviews),Doha,,,0,,,https://www.tripadvisor.com/Restaurant_Review-g294009-d24107650-Reviews-Hamilton_s-Doha.html#REVIEWS
"(3,638 reviews)",Doha,,,0,,,https://www.tripadvisor.com/Restaurant_Review-g294009-d4733336-Reviews-La_Spiga_By_Paper_Moon-Doha.html#REVIEWS
(363 reviews),Doha,,,0,,,https://www.tripadvisor.com/Restaurant_Review-g294009-d26774232-Reviews-Tulum-Doha.html#REVIEWS
(577 reviews),Doha,,,0,,,https://www.tripadvisor.com/Restaurant_Review-g294009-d1193183-Reviews-Turkey_Central-Doha.html#REVIEWS
(477 reviews),Doha,,,0,,,https://www.tripadvisor.com/Restaurant_Review-g294009-d24895386-Reviews-Yasmine_Palace_Restaurant_Dfc-Doha.html#REVIEWS
"(2,412 reviews)",Doha,,,0,,,https://www.tripadvisor.com/Restaurant_Review-g294009-d3205228-Reviews-Al_Nafourah_Garden-Doha.html#REVIEWS
(868 reviews),Doha,,,0,,,https://www.tripadvisor.com/Restaurant_Review-g294009-d13980965-Reviews-Yasmine_Palace-Doha.html#REVIEWS
"(1,530 reviews)",Doha,,,0,,,https://www.tripadvisor.com/Restaurant_Review-g294009-d21133982-Reviews-Boho_Social_Restaurant-Doha.html#REVIEWS
"(2,104 reviews)",Doha,,,0,,,https://www.tripadvisor.com/Restaurant_Review-g294009-d8039280-Reviews-Q_Lounge_Restaurant-Doha.html#REVIEWS
(469 reviews),Doha,,,0,,,https://www.tripadvisor.com/Restaurant_Review-g294009-d27093927-Reviews-Jardin-Doha.html#REVIEWS
"(1,146 reviews)",Doha,,,0,,,https://www.tripadvisor.com/Restaurant_Review-g294009-d2280254-Reviews-Al_Hubara_Restaurant-Doha.html#REVIEWS
(813 reviews),Doha,,,0,,,https://www.tripadvisor.com/Restaurant_Review-g294009-d23465146-Reviews-Reberu-Doha.html#REVIEWS
(522 reviews),Doha,,,0,,,https://www.tripadvisor.com/Restaurant_Review-g294009-d23412578-Reviews-Il_Galante-Doha.html#REVIEWS
"(1,458 reviews)",Doha,,,0,,,https://www.tripadvisor.com/Restaurant_Review-g294009-d15553890-Reviews-STK_Doha-Doha.html#REVIEWS
"(1,919 reviews)",Doha,,,0,,,https://www.tripadvisor.com/Restaurant_Review-g294009-d8040922-Reviews-Al_Nahham_Restaurant-Doha.html#REVIEWS
"(1,110 reviews)",Doha,,,0,,,https://www.tripadvisor.com/Restaurant_Review-g294009-d10454985-Reviews-Hunters_Room_Grill-Doha.html#REVIEWS
(563 reviews),Doha,,,0,,,https://www.tripadvisor.com/Restaurant_Review-g294009-d21349555-Reviews-Glass_House-Doha.html#REVIEWS
(614 reviews),Doha,,,0,,,https://www.tripadvisor.com/Restaurant_Review-g294009-d901601-Reviews-The_Italian_Job-Doha.html#REVIEWS
(507 reviews),Doha,,,0,,,https://www.tripadvisor.com/Restaurant_Review-g294009-d25245916-Reviews-Chabrat_Al_Mina-Doha.html#REVIEWS
(482 reviews),Doha,,,0,,,https://www.tripadvisor.com/Restaurant_Review-g294009-d8814441-Reviews-Al_Liwan_Restaurant-Doha.html#REVIEWS
(428 reviews),Doha,,,0,,,https://www.tripadvisor.com/Restaurant_Review-g294009-d3530632-Reviews-Aramede-Doha.html#REVIEWS
"(1,778 reviews)",Doha,,,0,,,https://www.tripadvisor.com/Restaurant_Review-g294009-d7595251-Reviews-Azraq_at_Banana_Island_Resort_Doha_by_Anantara-Doha.html#REVIEWS
(319 reviews),Doha,,,0,,,https://www.tripadvisor.com/Restaurant_Review-g294009-d15185176-Reviews-Nidaaya-Doha.html#REVIEWS
"(2,047 reviews)",Doha,,,0,,,https://www.tripadvisor.com/Restaurant_Review-g294009-d1992956-Reviews-Choices-Doha.html#REVIEWS
"(1,077 reviews)",Doha,,,0,,,https://www.tripadvisor.com/Restaurant_Review-g294009-d10125918-Reviews-Atrium_Lounge-Doha.html#REVIEWS
(377 reviews),Doha,,,0,,,https://www.tripadvisor.com/Restaurant_Review-g294009-d24895391-Reviews-Yasmine_Palace-Doha.html#REVIEWS
(792 reviews),Doha,,,0,,,https://www.tripadvisor.com/Restaurant_Review-g294009-d23121103-Reviews-Jamavar_Doha-Doha.html#REVIEWS
(425 reviews),Doha,,,0,,,https://www.tripadvisor.com/Restaurant_Review-g294009-d24963433-Reviews-Qureshi_Bukhara_Doha_Dusit_Hotel_Suites-Doha.html#REVIEWS
(509 reviews),Doha,,,0,,,https://www.tripadvisor.com/Restaurant_Review-g294009-d950701-Reviews-Sakura-Doha.html#REVIEWS
(614 reviews),Doha,,,0,,,https://www.tripadvisor.com/Restaurant_Review-g294009-d28393213-Reviews-Yee_Hwa_Millennium_Place_Doha-Doha.html#REVIEWS
(144 reviews),Doha,,,0,,,https://www.tripadvisor.com/Restaurant_Review-g294009-d27184768-Reviews-Sprezzi-Doha.html#REVIEWS
"(1,919 reviews)",Doha,,,0,,,https://www.tripadvisor.com/Restaurant_Review-g294009-d2422203-Reviews-Cucina-Doha.html#REVIEWS
(524 reviews),Doha,,,0,,,https://www.tripadvisor.com/Restaurant_Review-g294009-d950700-Reviews-Chingari-Doha.html#REVIEWS
