source,osm_type,osm_id,restaurant_id,name,brand,operator,country,city,district,address,postcode,latitude,longitude,phone,website,email,opening_hours,cuisine_type,services,price_range,rating,review_count,facebook,instagram,twitter,payment,internet_access,smoking,reservation,photos,google_maps_url,created_at,raw_tags
OpenStreetMap,node,1353912131,osm_node_1353912131,مقهى القصر,,,Morocco,Safi,,,,32.3077411,-9.228264,,,,,[],[],,,,,,,,,,,,,2026-07-14T18:29:13.097740,"{'amenity': 'cafe', 'name': 'مقهى القصر', 'name:ar': 'مقهى القصر'}"
OpenStreetMap,node,1353912144,osm_node_1353912144,,,,Morocco,Safi,,,,32.307986,-9.2275613,,,,,[],[],,,,,,,,,,,,,2026-07-14T18:29:13.097788,{'amenity': 'cafe'}
OpenStreetMap,node,1354003933,osm_node_1354003933,,,,Morocco,Safi,,,,32.3085391,-9.2309891,,,,,[],[],,,,,,,,,,,,,2026-07-14T18:29:13.097808,{'amenity': 'cafe'}
OpenStreetMap,node,1356479064,osm_node_1356479064,,,,Morocco,Safi,,,,32.3091557,-9.2326199,,,,,[],[],,,,,,,,,,,,,2026-07-14T18:29:13.097824,{'amenity': 'cafe'}
OpenStreetMap,node,1357929942,osm_node_1357929942,California,,,Morocco,Safi,,,,32.2858408,-9.2287755,,,,,[],[],,,,,,,,yes,,,,,2026-07-14T18:29:13.097854,"{'amenity': 'cafe', 'internet_access': 'yes', 'name': 'California'}"
OpenStreetMap,node,1357930053,osm_node_1357930053,,,,Morocco,Safi,,,,32.2864914,-9.229534,,,,,[],[],,,,,,,,,,,,,2026-07-14T18:29:13.097875,{'amenity': 'cafe'}
OpenStreetMap,node,1357930104,osm_node_1357930104,,,,Morocco,Safi,,,,32.286836,-9.229298,,,,,[],[],,,,,,,,,,,,,2026-07-14T18:29:13.097897,{'amenity': 'cafe'}
OpenStreetMap,node,1365462216,osm_node_1365462216,,,,Morocco,Safi,,,,32.3072459,-9.235035,,,,,[],[],,,,,,,,,,,,,2026-07-14T18:29:13.097914,{'amenity': 'cafe'}
OpenStreetMap,node,1365462220,osm_node_1365462220,,,,Morocco,Safi,,,,32.3085832,-9.2333395,,,,,[],[],,,,,,,,,,,,,2026-07-14T18:29:13.097935,{'amenity': 'cafe'}
OpenStreetMap,node,1365462230,osm_node_1365462230,,,,Morocco,Safi,,,,32.3073049,-9.235094,,,,,[],[],,,,,,,,,,,,,2026-07-14T18:29:13.097962,{'amenity': 'cafe'}
OpenStreetMap,node,1365522281,osm_node_1365522281,,,,Morocco,Safi,,,,32.2939287,-9.2219884,,,,,[],[],,,,,,,,,,,,,2026-07-14T18:29:13.098005,{'amenity': 'fast_food'}
OpenStreetMap,node,1365522286,osm_node_1365522286,الدكدادي,,,Morocco,Safi,,,,32.3094132,-9.2261488,,,,,[],[],,,,,,,,,,,,,2026-07-14T18:29:13.098035,"{'amenity': 'fast_food', 'name': 'الدكدادي', 'name:ar': 'الدكدادي'}"
OpenStreetMap,node,1365522293,osm_node_1365522293,,,,Morocco,Safi,,,,32.3093497,-9.2262092,,,,,[],[],,,,,,,,,,,,,2026-07-14T18:29:13.098054,{'amenity': 'cafe'}
OpenStreetMap,node,1365541090,osm_node_1365541090,oscor,,,Morocco,Safi,,,,32.2899789,-9.2274493,,,,,[],[],,,,,,,,,,,,,2026-07-14T18:29:13.098075,"{'amenity': 'cafe', 'name': 'oscor'}"
OpenStreetMap,node,1366796891,osm_node_1366796891,Restaurent Maistro (Safi ),,,Morocco,Safi,,,,32.2914855,-9.2323406,,,,,[],[],,,,,,,,,,,,,2026-07-14T18:29:13.098104,"{'amenity': 'restaurant', 'name': 'Restaurent Maistro (Safi )'}"
OpenStreetMap,node,1366810529,osm_node_1366810529,café plateau (Safi ),,,Morocco,Safi,,,,32.2934807,-9.2353286,,,,,[],[],,,,,,,,,,,,,2026-07-14T18:29:13.098131,"{'amenity': 'cafe', 'name': 'café plateau (Safi )'}"
OpenStreetMap,node,1366810539,osm_node_1366810539,Cafe Glacier Asala (Safi ),,,Morocco,Safi,,,,32.2932586,-9.2337837,,,,,[],[],,,,,,,,,,,,,2026-07-14T18:29:13.098156,"{'amenity': 'cafe', 'name': 'Cafe Glacier Asala (Safi )'}"
OpenStreetMap,node,1367867329,osm_node_1367867329,,,,Morocco,Safi,,,,32.3070203,-9.2289586,,,,,[],[],,,,,,,,,,,,,2026-07-14T18:29:13.098177,{'amenity': 'fast_food'}
OpenStreetMap,node,1367867343,osm_node_1367867343,,,,Morocco,Safi,,,,32.3064762,-9.2299939,,,,,[],[],,,,,,,,,,,,,2026-07-14T18:29:13.098194,{'amenity': 'fast_food'}
OpenStreetMap,node,1372327118,osm_node_1372327118,,,,Morocco,Safi,,,,32.2929593,-9.2225506,,,,,[],[],,,,,,,,,,,,,2026-07-14T18:29:13.098213,{'amenity': 'cafe'}
OpenStreetMap,node,1372327119,osm_node_1372327119,,,,Morocco,Safi,,,,32.2927733,-9.2225398,,,,,[],[],,,,,,,,,,,,,2026-07-14T18:29:13.098233,{'amenity': 'cafe'}
OpenStreetMap,node,1372327122,osm_node_1372327122,,,,Morocco,Safi,,,,32.2935578,-9.222674,,,,,[],[],,,,,,,,,,,,,2026-07-14T18:29:13.098252,{'amenity': 'cafe'}
OpenStreetMap,node,1372327124,osm_node_1372327124,,,,Morocco,Safi,,,,32.2925012,-9.2225077,,,,,[],[],,,,,,,,,,,,,2026-07-14T18:29:13.098272,{'amenity': 'cafe'}
OpenStreetMap,node,1372327127,osm_node_1372327127,,,,Morocco,Safi,,,,32.2925783,-9.2215313,,,,,[],[],,,,,,,,,,,,,2026-07-14T18:29:13.098289,{'amenity': 'cafe'}
OpenStreetMap,node,1373897948,osm_node_1373897948,,,,Morocco,Safi,,,,32.3095592,-9.2262148,,,,,[],[],,,,,,,,,,,,,2026-07-14T18:29:13.098308,{'amenity': 'restaurant'}
OpenStreetMap,node,1384429022,osm_node_1384429022,,,,Morocco,Safi,,,,32.2939886,-9.2219819,,,,,[],[],,,,,,,,,,,,,2026-07-14T18:29:13.098328,{'amenity': 'fast_food'}
OpenStreetMap,node,2715779109,osm_node_2715779109,Café ElFarass,,,Morocco,Safi,,,,32.2823884,-9.2277963,,,,,['coffee_shop'],[],,,,,,,,yes,,,,,2026-07-14T18:29:13.098370,"{'amenity': 'cafe', 'cuisine': 'coffee_shop', 'internet_access': 'yes', 'name': 'Café ElFarass'}"
OpenStreetMap,node,2715779156,osm_node_2715779156,Widady,,,Morocco,Safi,,,,32.2813998,-9.2290135,,,,,['pizza'],[],,,,,,,,,,,,,2026-07-14T18:29:13.098399,"{'amenity': 'fast_food', 'cuisine': 'pizza', 'name': 'Widady'}"
OpenStreetMap,node,2716965574,osm_node_2716965574,snack saada wydadi,,,Morocco,Safi,,,,32.2813409,-9.2290993,,,,,['fish'],[],,,,,,,,,,,,,2026-07-14T18:29:13.098425,"{'amenity': 'fast_food', 'cuisine': 'fish', 'name': 'snack saada wydadi'}"
OpenStreetMap,node,2716979016,osm_node_2716979016,,,,Morocco,Safi,,,,32.283608,-9.2258412,,,,,[],[],,,,,,,,,,,,,2026-07-14T18:29:13.098461,{'amenity': 'cafe'}
OpenStreetMap,node,2716980335,osm_node_2716980335,,,,Morocco,Safi,,,,32.283359,-9.2249526,,,,,[],[],,,,,,,,,,,,,2026-07-14T18:29:13.098483,{'amenity': 'cafe'}
OpenStreetMap,node,2717068864,osm_node_2717068864,Zenith,,,Morocco,Safi,,,,32.2946736,-9.2332854,,,,,[],[],,,,,,,,yes,,,,,2026-07-14T18:29:13.098510,"{'amenity': 'cafe', 'internet_access': 'yes', 'name': 'Zenith'}"
OpenStreetMap,node,2717320035,osm_node_2717320035,,,,Morocco,Safi,,,,32.2829905,-9.2274953,,,,,[],[],,,,,,,,wlan,,,,,2026-07-14T18:29:13.098530,"{'amenity': 'cafe', 'internet_access': 'wlan'}"
OpenStreetMap,node,3452735748,osm_node_3452735748,Café Requin Bleu,,,Morocco,Safi,,,,32.2901933,-9.2212528,,,,,[],[],,,,,,,,yes,separated,,,,2026-07-14T18:29:13.098559,"{'amenity': 'cafe', 'internet_access': 'yes', 'name': 'Café Requin Bleu', 'smoking': 'separated'}"
OpenStreetMap,node,3740751434,osm_node_3740751434,,,snack magic,Morocco,Safi,,,,32.2622464,-9.2473309,,,,,[],[],,,,,,,,,,,,,2026-07-14T18:29:13.098580,"{'amenity': 'fast_food', 'operator': 'snack magic'}"
OpenStreetMap,node,3740753351,osm_node_3740753351,café benaychour,,,Morocco,Safi,,,,32.2621503,-9.2483074,,,,,[],[],,,,,,,,yes,yes,,,,2026-07-14T18:29:13.098609,"{'amenity': 'cafe', 'internet_access': 'yes', 'name': 'café benaychour', 'smoking': 'yes'}"
OpenStreetMap,node,3740755397,osm_node_3740755397,café ouazzani,,,Morocco,Safi,,,,32.2615857,-9.2483956,,,,,[],[],,,,,,,,,,,,,2026-07-14T18:29:13.098632,"{'amenity': 'cafe', 'name': 'café ouazzani'}"
OpenStreetMap,node,3740764743,osm_node_3740764743,,,,Morocco,Safi,,,,32.2439168,-9.2610187,,,,,[],[],,,,,,,,,,,,,2026-07-14T18:29:13.098652,{'amenity': 'cafe'}
OpenStreetMap,node,3740766661,osm_node_3740766661,,,,Morocco,Safi,,,,32.2678371,-9.2545709,,,,,[],[],,,,,,,,,,,,,2026-07-14T18:29:13.098669,{'amenity': 'cafe'}
OpenStreetMap,node,3741438190,osm_node_3741438190,,,,Morocco,Safi,,,,32.2617421,-9.2486064,,,,,[],[],,,,,,,,,,,,,2026-07-14T18:29:13.098690,{'amenity': 'cafe'}
OpenStreetMap,node,3741478539,osm_node_3741478539,,,,Morocco,Safi,,,,32.2614279,-9.2462625,,,,,[],[],,,,,,,,,,,,,2026-07-14T18:29:13.098711,{'amenity': 'fast_food'}
OpenStreetMap,node,3741529143,osm_node_3741529143,,,,Morocco,Safi,,,,32.2549312,-9.2489724,,,,,[],[],,,,,,,,,,,,,2026-07-14T18:29:13.098732,{'amenity': 'fast_food'}
OpenStreetMap,node,3741529144,osm_node_3741529144,,,,Morocco,Safi,,,,32.2547282,-9.2490924,,,,,[],[],,,,,,,,,,,,,2026-07-14T18:29:13.098750,{'amenity': 'fast_food'}
OpenStreetMap,node,3741529145,osm_node_3741529145,,,,Morocco,Safi,,,,32.2545211,-9.2492269,,,,,[],[],,,,,,,,,,,,,2026-07-14T18:29:13.098766,{'amenity': 'fast_food'}
OpenStreetMap,node,3741529146,osm_node_3741529146,,,,Morocco,Safi,,,,32.2546852,-9.2490072,,,,,[],[],,,,,,,,,,,,,2026-07-14T18:29:13.098787,{'amenity': 'fast_food'}
OpenStreetMap,node,3741529148,osm_node_3741529148,,,,Morocco,Safi,,,,32.2554605,-9.2517937,,,,,[],[],,,,,,,,,,,,,2026-07-14T18:29:13.098805,{'amenity': 'fast_food'}
OpenStreetMap,node,3741529150,osm_node_3741529150,,,,Morocco,Safi,,,,32.2553052,-9.2521464,,,,,[],[],,,,,,,,,,,,,2026-07-14T18:29:13.098824,{'amenity': 'cafe'}
OpenStreetMap,node,4109710937,osm_node_4109710937,Café Le Phénicien,,,Morocco,Safi,,,,32.3066486,-9.2418054,,,,,[],[],,,,,,,,yes,,,,,2026-07-14T18:29:13.098854,"{'amenity': 'cafe', 'internet_access': 'yes', 'name': 'Café Le Phénicien', 'name:fr': 'Café Le Phénicien'}"
OpenStreetMap,node,4347127895,osm_node_4347127895,SafCity,,,Morocco,Safi,,Avenue Moulay Ismail,,32.2942668,-9.2290695,,,,,[],[],,,,,,,,,,,,,2026-07-14T18:29:13.098876,"{'addr:street': 'Avenue Moulay Ismail', 'amenity': 'cafe', 'name': 'SafCity'}"
OpenStreetMap,node,4347156490,osm_node_4347156490,Niagara,,,Morocco,Safi,,Avenue Moulay Ismail,,32.2943105,-9.2290534,,,,,[],[],,,,,,,,,,,,,2026-07-14T18:29:13.098902,"{'addr:street': 'Avenue Moulay Ismail', 'amenity': 'cafe', 'name': 'Niagara'}"
OpenStreetMap,node,4463584928,osm_node_4463584928,TACO,,,Morocco,Safi,,rue taib benhima,46000,32.2937918,-9.2336536,+212524621818,,,12:00-00:00,"['pizza,_plats,_pâtes,_tacos']","['Delivery', 'Takeaway']",,,,,,,,,no,,,,2026-07-14T18:29:13.099051,"{'addr:city': 'SAFI', 'addr:postcode': '46000', 'addr:street': 'rue taib benhima', 'amenity': 'fast_food', 'cuisine': 'pizza,_plats,_pâtes,_tacos', 'delivery': 'yes', 'name': 'TACO', 'opening_hours': '12:00-00:00', 'phone': '+212 5 24 62 18 18', 'smoking': 'no', 'takeaway': 'yes'}"
OpenStreetMap,node,4463587054,osm_node_4463587054,La cascade,,,Morocco,Safi,,,,32.2939984,-9.2332249,,,,,[],[],,,,,,,,,,,,,2026-07-14T18:29:13.099083,"{'amenity': 'cafe', 'name': 'La cascade'}"
OpenStreetMap,node,4463587110,osm_node_4463587110,Café Riyad,,,Morocco,Safi,,,,32.2937241,-9.2337222,,,,06:00-23:00,[],[],,,,,,,,yes,separated,,,,2026-07-14T18:29:13.099107,"{'amenity': 'cafe', 'internet_access': 'yes', 'name': 'Café Riyad', 'opening_hours': '06:00-23:00', 'smoking': 'separated'}"
OpenStreetMap,node,4463589690,osm_node_4463589690,Tartine,,,Morocco,Safi,,,,32.2942138,-9.2333252,,,,,[],[],,,,,,,,,,,,,2026-07-14T18:29:13.099124,"{'amenity': 'cafe', 'name': 'Tartine'}"
OpenStreetMap,node,4464198189,osm_node_4464198189,Café Rihab,,,Morocco,Safi,,Avenue de la Liberté شارع الحرية,46000,32.2919004,-9.2324509,,,,Mo-Su 06:00-22:00,[],[],,,,,,,,wlan,,,,,2026-07-14T18:29:13.099162,"{'addr:city': 'آسفي', 'addr:city:ar': 'آسفي', 'addr:city:es': 'Safí', 'addr:postcode': '46000', 'addr:street': 'Avenue de la Liberté شارع الحرية', 'addr:street:ar': 'شارع الحرية', 'addr:street:es': 'Avenida Libertad', 'amenity': 'cafe', 'internet_access': 'wlan', 'name': 'Café Rihab', 'name:es': 'Café Rihab', 'opening_hours': 'Mo-Su 06:00-22:00'}"
OpenStreetMap,node,4464229789,osm_node_4464229789,Café Rihab مقهى الرحاب,,,Morocco,Safi,,Avenue de la Liberté شارع الحرية,46000,32.2934081,-9.2332457,,,,Mo-Su 06:00-22:00,[],[],,,,,,,,wlan,,,,,2026-07-14T18:29:13.099197,"{'addr:city': 'SAFI', 'addr:postcode': '46000', 'addr:street': 'Avenue de la Liberté شارع الحرية', 'amenity': 'cafe', 'internet_access': 'wlan', 'name': 'Café Rihab مقهى الرحاب', 'name:ar': 'مقهى الرحاب', 'name:fr': 'Café Rihab', 'opening_hours': 'Mo-Su 06:00-22:00'}"
OpenStreetMap,node,5105135225,osm_node_5105135225,Café Le Jardin,,,Morocco,Safi,,,,32.301729,-9.2373076,,,,,[],[],,,,,,,,,,,,,2026-07-14T18:29:13.099218,"{'amenity': 'cafe', 'name': 'Café Le Jardin', 'name:fr': 'Café Le Jardin'}"
OpenStreetMap,node,5105217421,osm_node_5105217421,Café Dourcas,,,Morocco,Safi,,Avenue Lafkih El Haskouri,,32.3222494,-9.2258164,,,,,[],[],,,,,,,,,,,,,2026-07-14T18:29:13.099242,"{'addr:street': 'Avenue Lafkih El Haskouri', 'amenity': 'cafe', 'name': 'Café Dourcas', 'name:fr': 'Café Dourcas'}"
OpenStreetMap,node,5111782228,osm_node_5111782228,Addahabiya,,,Morocco,Safi,,,,32.2905668,-9.2396687,,,,,[],[],,,,,,,,,,,,,2026-07-14T18:29:13.099261,"{'amenity': 'cafe', 'name': 'Addahabiya', 'name:fr': 'Addahabiya'}"
OpenStreetMap,node,5111782230,osm_node_5111782230,Café Colibris,,,Morocco,Safi,,,,32.2905389,-9.2410521,,,,,[],[],,,,,,,,,,,,,2026-07-14T18:29:13.099282,"{'amenity': 'cafe', 'name': 'Café Colibris', 'name:fr': 'Café Colibris'}"
OpenStreetMap,node,5254624521,osm_node_5254624521,,,,Morocco,Safi,,,,32.295689,-9.2412132,,,,,[],[],,,,,,,,,,,,,2026-07-14T18:29:13.099298,"{'amenity': 'cafe', 'name:en': 'Café Khay'}"
OpenStreetMap,node,5289861926,osm_node_5289861926,مول بانيني,,,Morocco,Safi,,,,32.2564753,-9.2516599,,,,,[],[],,,,,,,,,,,,,2026-07-14T18:29:13.099317,"{'amenity': 'fast_food', 'name': 'مول بانيني', 'name:ar': 'مول بانيني'}"
OpenStreetMap,node,5598807521,osm_node_5598807521,Café Jour Et Nuit,,,Morocco,Safi,,,,32.2938983,-9.2342023,,,,,[],[],,,,,,,,,,,,,2026-07-14T18:29:13.099336,"{'amenity': 'cafe', 'name': 'Café Jour Et Nuit'}"
OpenStreetMap,node,5782862553,osm_node_5782862553,,,,Morocco,Safi,,,,32.3002498,-9.2391255,+212660052323,,,,['moroccan'],[],,,,,,,,,,,,,2026-07-14T18:29:13.099365,"{'amenity': 'restaurant', 'cuisine': 'moroccan', 'name:en': 'Chez Hosni', 'phone': '+212 6 60 05 23 23'}"
OpenStreetMap,node,6075692385,osm_node_6075692385,Pattiserie,,,Morocco,Safi,,,,32.2913064,-9.2428478,,,,,[],[],,,,,,,,,,,,,2026-07-14T18:29:13.099385,"{'amenity': 'cafe', 'name': 'Pattiserie'}"
OpenStreetMap,node,8554256656,osm_node_8554256656,boulangerie & patisserie OUKAIMDEN,,,Morocco,Safi,,Avenue Sidi Mohamed Ben Abdellah,46000,32.2936092,-9.2347085,,,,Mo-Su 06:00-23:00,[],['Outdoor Seating'],,,,,,,,yes,,,,,2026-07-14T18:29:13.099425,"{'addr:city': 'SAFI', 'addr:postcode': '46000', 'addr:street': 'Avenue Sidi Mohamed Ben Abdellah', 'amenity': 'cafe', 'internet_access': 'yes', 'internet_access:fee': 'customers', 'internet_access:ssid': 'oukaimden', 'name': 'boulangerie & patisserie OUKAIMDEN', 'name:ar': 'مقهى و حلويات اوكيمدن', 'opening_hours': 'Mo-Su 06:00-23:00', 'outdoor_seating': 'yes'}"
OpenStreetMap,node,8957889046,osm_node_8957889046,Cafe Alyassamine,,,Morocco,Safi,,,,32.3210051,-9.2302843,,,,,"['regional', 'coffee_shop']",['Outdoor Seating'],,,,,,,,,,,,,2026-07-14T18:29:13.099442,"{'amenity': 'cafe', 'cuisine': 'regional;coffee_shop', 'name': 'Cafe Alyassamine', 'outdoor_seating': 'yes'}"
OpenStreetMap,node,9261695816,osm_node_9261695816,Café Mzoughen,,,Morocco,Safi,,,,32.324998,-9.2318534,,,,,[],[],,,,,,,,,,,,,2026-07-14T18:29:13.099454,"{'amenity': 'cafe', 'name': 'Café Mzoughen'}"
OpenStreetMap,node,9262950762,osm_node_9262950762,Café Ocean,,,Morocco,Safi,,,,32.3231208,-9.2588919,+212524667766,,,,[],[],,,,,,,,,,,,,2026-07-14T18:29:13.099467,"{'amenity': 'restaurant', 'name': 'Café Ocean', 'phone': '+212 5 24 66 77 66'}"
OpenStreetMap,node,11063121405,osm_node_11063121405,Calypso Medina,,,Morocco,Safi,,كرنيش آسفي,46000,32.2926452,-9.2452191,,,,,[],[],,,,,,,,,,,,,2026-07-14T18:29:13.099483,"{'addr:postcode': '46000', 'addr:street': 'كرنيش آسفي', 'amenity': 'restaurant', 'name': 'Calypso Medina'}"
OpenStreetMap,node,11799193811,osm_node_11799193811,wzanifood,wzanifood,,Morocco,Safi,,Avenue Ennasr شارع النصر,46000,32.3175365,-9.2286801,+212660872989,https://www.instagram.com/wzanifood?igsh=OHBsZmF5dml6cWho,wzanifood@gmail.com,24/7,"['fast_food', 'pizza', 'burger', 'tacos']",[],,,,https://www.facebook.com/profile.php?id=61555486837415&mibextid=LQQJ4d,,,,,,,,,2026-07-14T18:29:13.099681,"{'addr:city': 'Safi', 'addr:postcode': '46000', 'addr:street': 'Avenue Ennasr شارع النصر', 'amenity': 'restaurant', 'brand': 'wzanifood', 'contact:facebook': 'https://www.facebook.com/profile.php?id=61555486837415&mibextid=LQQJ4d', 'cuisine': 'fast_food;pizza;burger;tacos', 'diet:halal': 'yes', 'email': 'wzanifood@gmail.com', 'name': 'wzanifood', 'opening_hours': '24/7', 'phone': '+212 6 60 87 29 89', 'website': 'https://www.instagram.com/wzanifood?igsh=OHBsZmF5dml6cWho'}"
OpenStreetMap,node,12616329372,osm_node_12616329372,L'îlot Châtain,,,Morocco,Safi,,,,32.3230101,-9.2585818,,,,,[],[],,,,,,,,,,,,,2026-07-14T18:29:13.099705,"{'amenity': 'cafe', 'name': ""L'îlot Châtain""}"
OpenStreetMap,node,13248556502,osm_node_13248556502,,,,Morocco,Safi,,,,32.2956769,-9.2441952,,,,,[],[],,,,,,,,,,,,,2026-07-14T18:29:13.099723,"{'amenity': 'restaurant', 'name:fr': 'Le Rooftop'}"
OpenStreetMap,node,13672013274,osm_node_13672013274,Mouchoirs fish,,,Morocco,Safi,,,,32.3091987,-9.241233,,,,,[],[],,,,,,,,,,,,,2026-07-14T18:29:13.099743,"{'amenity': 'restaurant', 'name': 'Mouchoirs fish'}"
OpenStreetMap,node,13690945283,osm_node_13690945283,Cafe des Rempapts,,,Morocco,Safi,,,,32.2988428,-9.2429271,,,,,[],['Outdoor Seating'],,,,,,,,,,,,,2026-07-14T18:29:13.099769,"{'amenity': 'cafe', 'name': 'Cafe des Rempapts', 'outdoor_seating': 'yes'}"
OpenStreetMap,node,13691000421,osm_node_13691000421,,,,Morocco,Safi,,,,32.2956895,-9.2431866,,,,,[],[],,,,,,,,,,,,,2026-07-14T18:29:13.099785,{'amenity': 'fast_food'}
OpenStreetMap,node,13788171108,osm_node_13788171108,Pizzeria street,,,Morocco,Safi,,,,32.282465,-9.231894,,,,,[],[],,,,,,,,,,,,,2026-07-14T18:29:13.099798,"{'amenity': 'restaurant', 'name': 'Pizzeria street'}"
OpenStreetMap,node,13788171202,osm_node_13788171202,مقهى ياسمين,,,Morocco,Safi,,,,32.281575,-9.23427,,,,,[],[],,,,,,,,,,,,,2026-07-14T18:29:13.099811,"{'amenity': 'cafe', 'name': 'مقهى ياسمين'}"
OpenStreetMap,node,13788171501,osm_node_13788171501,Café France,,,Morocco,Safi,,,,32.291007,-9.242887,,,,,[],[],,,,,,,,,,,,,2026-07-14T18:29:13.099823,"{'amenity': 'cafe', 'name': 'Café France'}"
OpenStreetMap,way,289368719,osm_way_289368719,Avocat,,,Morocco,Safi,,rue ibn battouta,46000,32.2954441,-9.2280465,,,,,['regional'],[],,,,,,,,,no,,,,2026-07-14T18:29:13.099851,"{'addr:city': 'safi', 'addr:postcode': '46000', 'addr:street': 'rue ibn battouta', 'amenity': 'cafe', 'cuisine': 'regional', 'name': 'Avocat', 'smoking': 'no'}"
OpenStreetMap,way,1292165883,osm_way_1292165883,Cappucino Café & Restaurant,,,Morocco,Safi,,Sidi Bouzid,46030,32.3228356,-9.2582315,+212693239874,https://le-menu.ma/fr/safi/cappuccino?utm_source=cappuccino__safi&utm_medium=openstreetmap&utm_campaign=Open+Street+Map,,Mo-Su 06:00-23:00,"['coffee_shop', 'pizza', 'sushi', 'regional', 'chicken', 'seafood', 'juice', 'cake', 'dessert']",['Outdoor Seating'],,,,,,,,wlan,,,,,2026-07-14T18:29:13.099905,"{'addr:city': 'Safi آسفي', 'addr:postcode': '46030', 'addr:street': 'Sidi Bouzid', 'amenity': 'cafe', 'building': 'yes', 'cuisine': 'coffee_shop;pizza;sushi;regional;chicken;seafood;juice;cake;dessert', 'internet_access': 'wlan', 'internet_access:fee': 'no', 'name': 'Cappucino Café & Restaurant', 'opening_hours': 'Mo-Su 06:00-23:00', 'outdoor_seating': 'yes', 'phone': '+212 6 93 23 98 74', 'website': 'https://le-menu.ma/fr/safi/cappuccino?utm_source=cappuccino__safi&utm_medium=openstreetmap&utm_campaign=Open+Street+Map'}"
OpenStreetMap,node,2580091515,osm_node_2580091515,Cafe du Nord,,,Morocco,Nador,,,,35.1616279,-2.9305203,,,,,[],[],,,,,,,,wlan,,,,,2026-07-14T18:29:25.411679,"{'addr:city': 'nador', 'addr:housename': 'Al adouaa,Al akdam', 'amenity': 'cafe', 'internet_access': 'wlan', 'name': 'Cafe du Nord', 'name:es': 'Café del Norte'}"
OpenStreetMap,node,4739696224,osm_node_4739696224,Café Molen,,,Morocco,Nador,,,,35.152802,-2.9259108,,,,,[],[],,,,,,,,,,,,,2026-07-14T18:29:25.411711,"{'addr:city': 'الناظور', 'amenity': 'cafe', 'name': 'Café Molen', 'name:ar': 'مقهى مولن', 'name:fr': 'Café Molen'}"
OpenStreetMap,node,4739733621,osm_node_4739733621,,,,Morocco,Nador,,,,35.1551958,-2.9227396,,,,,[],[],,,,,,,,,,,,,2026-07-14T18:29:25.411733,"{'amenity': 'cafe', 'name:en': 'Perla Nera'}"
OpenStreetMap,node,4739788524,osm_node_4739788524,Sélect,,,Morocco,Nador,,,,35.1529572,-2.9232695,,,,,[],[],,,,,,,,,,,,,2026-07-14T18:29:25.411751,"{'addr:city': 'الناظور', 'amenity': 'cafe', 'name': 'Sélect', 'name:ar': 'الحدد', 'name:fr': 'Sélect'}"
OpenStreetMap,node,4938578139,osm_node_4938578139,,,,Morocco,Nador,,,,35.1539113,-2.9240999,,,,,[],[],,,,,,,,,,,,,2026-07-14T18:29:25.411766,"{'amenity': 'cafe', 'name:en': 'Ossiano'}"
OpenStreetMap,node,5198018615,osm_node_5198018615,Canaria,,,Morocco,Nador,,,,35.1749311,-2.9225659,,,,,['seafood'],[],,,,,,,,,,,,,2026-07-14T18:29:25.411790,"{'amenity': 'restaurant', 'cuisine': 'seafood', 'name': 'Canaria'}"
OpenStreetMap,node,5198018618,osm_node_5198018618,Cafe Palace,,,Morocco,Nador,,,,35.1744294,-2.9221428,,,,,[],['Outdoor Seating'],,,,,,,,,,,,,2026-07-14T18:29:25.411811,"{'amenity': 'cafe', 'name': 'Cafe Palace', 'outdoor_seating': 'yes'}"
OpenStreetMap,node,5198021231,osm_node_5198021231,Victoria فيكتوريا,,,Morocco,Nador,,,,35.1746921,-2.9223942,,,,,[],['Outdoor Seating'],,,,,,,,no,,,,,2026-07-14T18:29:25.411829,"{'addr:city': 'الناظور', 'amenity': 'restaurant', 'internet_access': 'no', 'name': 'Victoria فيكتوريا', 'name:ar': 'فيكتوريا', 'name:es': 'Victoria', 'name:fr': 'Victoria', 'outdoor_seating': 'yes'}"
OpenStreetMap,node,5198021233,osm_node_5198021233,,,,Morocco,Nador,,,,35.1763287,-2.9234864,,,,,[],[],,,,,,,,,,,,,2026-07-14T18:29:25.411844,{'amenity': 'cafe'}
OpenStreetMap,node,5198021236,osm_node_5198021236,Café Riad,,,Morocco,Nador,,,,35.1745832,-2.9223397,,,,,[],['Outdoor Seating'],,,,,,,,,,,,,2026-07-14T18:29:25.411862,"{'amenity': 'cafe', 'name': 'Café Riad', 'name:ar': 'مقهى الرياض', 'name:es': 'Café Riad', 'outdoor_seating': 'yes'}"
OpenStreetMap,node,5198021238,osm_node_5198021238,Milmo,,,Morocco,Nador,,,,35.1774446,-2.924891,,,,,"['ice_cream', 'pizza']",['Takeaway'],,,,,,,,,,,,,2026-07-14T18:29:25.411877,"{'amenity': 'restaurant', 'cuisine': 'ice_cream;pizza', 'name': 'Milmo', 'takeaway': 'yes'}"
OpenStreetMap,node,5200384249,osm_node_5200384249,Blanco & Negro بلانكو ونيغرو,,,Morocco,Nador,,,,35.1724006,-2.9200954,,,,,"['ice_cream', 'pizza']",['Outdoor Seating'],,,,,,,,,,,,,2026-07-14T18:29:25.411892,"{'addr:city': 'الناظور', 'amenity': 'restaurant', 'cuisine': 'ice_cream;pizza', 'name': 'Blanco & Negro بلانكو ونيغرو', 'name:ar': 'بلانكو ونيغرو', 'name:en': 'Blanco & Negro', 'name:fr': 'Blanco & Negro', 'outdoor_seating': 'yes'}"
OpenStreetMap,node,5200384251,osm_node_5200384251,Restauration rapide de la mosquée,,,Morocco,Nador,,,,35.170405,-2.9193125,,,,,[],['Takeaway'],,,,,,,,,,,,,2026-07-14T18:29:25.411906,"{'addr:city': 'الناظور', 'amenity': 'fast_food', 'name': 'Restauration rapide de la mosquée', 'name:ar': 'وجبة خفيفة المسجد', 'name:fr': 'Restauration rapide de la mosquée', 'takeaway': 'yes'}"
OpenStreetMap,node,5200384252,osm_node_5200384252,Bella Italia,,,Morocco,Nador,,,,35.1723777,-2.9270094,,,,,[],[],,,,,,,,,,,,,2026-07-14T18:29:25.411917,"{'amenity': 'restaurant', 'name': 'Bella Italia'}"
OpenStreetMap,node,5200384253,osm_node_5200384253,Marbella,,,Morocco,Nador,,,,35.1713933,-2.928498,,,,,"['fish', 'kebab', 'pizza', 'sandwich']","['Takeaway', 'Outdoor Seating']",,,,,,,,,,,,,2026-07-14T18:29:25.411931,"{'amenity': 'fast_food', 'cuisine': 'fish;kebab;pizza;sandwich', 'name': 'Marbella', 'outdoor_seating': 'yes', 'takeaway': 'yes'}"
OpenStreetMap,node,5200384271,osm_node_5200384271,O'Delices,,,Morocco,Nador,,,,35.1712166,-2.928814,,,,,"['burger', 'coffee_shop', 'sandwich']",[],,,,,,,,,,,,,2026-07-14T18:29:25.411944,"{'amenity': 'fast_food', 'cuisine': 'burger;coffee_shop;sandwich', 'name': ""O'Delices""}"
OpenStreetMap,node,5200384272,osm_node_5200384272,Norsal,,,Morocco,Nador,,,,35.1662091,-2.9287259,,,,,"['pizza', 'seafood', 'spanish']",['Outdoor Seating'],,,,,,,,wlan,,,,,2026-07-14T18:29:25.411959,"{'amenity': 'restaurant', 'cuisine': 'pizza;seafood;spanish', 'internet_access': 'wlan', 'internet_access:fee': 'no', 'name': 'Norsal', 'outdoor_seating': 'yes'}"
OpenStreetMap,node,5200384273,osm_node_5200384273,Gran Canaria,,,Morocco,Nador,,,,35.1724271,-2.9268788,,,,,[],[],,,,,,,,,,,,,2026-07-14T18:29:25.411971,"{'amenity': 'restaurant', 'name': 'Gran Canaria'}"
OpenStreetMap,node,5347880436,osm_node_5347880436,مقهى سيدني,,,Morocco,Nador,,,,35.1499546,-2.9270799,,,,,[],[],,,,,,,,,,,,,2026-07-14T18:29:25.411983,"{'addr:city': 'الناظور', 'amenity': 'cafe', 'name': 'مقهى سيدني', 'name:ar': 'مقهى سيدني'}"
OpenStreetMap,node,5347880439,osm_node_5347880439,مقهى مدقة الزهرة,,,Morocco,Nador,,,,35.148685,-2.9246092,,,,,[],[],,,,,,,,,,,,,2026-07-14T18:29:25.411994,"{'addr:city': 'الناظور', 'amenity': 'cafe', 'name': 'مقهى مدقة الزهرة', 'name:ar': 'مقهى مدقة الزهرة'}"
OpenStreetMap,node,5347880441,osm_node_5347880441,روكا نيغرا,,,Morocco,Nador,,,,35.145875,-2.9214629,,,,,[],[],,,,,,,,,,,,,2026-07-14T18:29:25.412006,"{'addr:city': 'الناظور', 'amenity': 'restaurant', 'name': 'روكا نيغرا', 'name:ar': 'روكا نيغرا', 'name:es': 'Roca Negra'}"
OpenStreetMap,node,5347880442,osm_node_5347880442,Plateau d'Or,,,Morocco,Nador,,,,35.1534418,-2.9193821,,,,,[],[],,,,,,,,,,,,,2026-07-14T18:29:25.412017,"{'addr:city': 'الناظور', 'amenity': 'restaurant', 'name': ""Plateau d'Or"", 'name:ar': 'الطبق الذهبي', 'name:es': 'El Plato de Oro', 'name:fr': ""Plateau d'Or""}"
OpenStreetMap,node,5347880443,osm_node_5347880443,مقهى لافازا,,,Morocco,Nador,,,,35.1531732,-2.9206512,,,,,[],[],,,,,,,,,,,,,2026-07-14T18:29:25.412029,"{'addr:city': 'الناظور', 'amenity': 'cafe', 'name': 'مقهى لافازا', 'name:ar': 'مقهى لافازا', 'name:es': 'Café Lavazza', 'name:fr': 'Café Lavazza'}"
OpenStreetMap,node,5362319891,osm_node_5362319891,Café du Zénith,,,Morocco,Nador,,,,35.1673202,-2.9174644,,,,,[],[],,,,,,,,,,,,,2026-07-14T18:29:25.412040,"{'addr:city': 'الناظور', 'amenity': 'cafe', 'name': 'Café du Zénith', 'name:ar': 'مقهى زينيث', 'name:fr': 'Café du Zénith'}"
OpenStreetMap,node,5362319892,osm_node_5362319892,مقهى مدريد,,,Morocco,Nador,,,,35.1672269,-2.9176556,,,,,[],[],,,,,,,,,,,,,2026-07-14T18:29:25.412052,"{'addr:city': 'الناظور', 'amenity': 'cafe', 'name': 'مقهى مدريد', 'name:ar': 'مقهى مدريد', 'name:es': 'Café Madrid'}"
OpenStreetMap,node,5891358286,osm_node_5891358286,,,,Morocco,Nador,,,,35.178764,-2.9224962,,,,,[],[],,,,,,,,,,,,,2026-07-14T18:29:25.412062,{'amenity': 'cafe'}
OpenStreetMap,node,6017556865,osm_node_6017556865,The Box Club Cafe,,,Morocco,Nador,,Avenue Des FAR شارع الجيش الملكي,62005,35.1716218,-2.9280244,,,,Mo-Su 15:00-02:00,"['coffee_shop', 'ice_cream', 'pizza']",['Outdoor Seating'],,,,,,,,public,yes,,,,2026-07-14T18:29:25.412085,"{'addr:city': 'NADOR', 'addr:housenumber': '231', 'addr:postcode': '62005', 'addr:street': 'Avenue Des FAR شارع الجيش الملكي', 'amenity': 'cafe', 'cuisine': 'coffee_shop;ice_cream;pizza', 'internet_access': 'public', 'internet_access:fee': 'yes', 'name': 'The Box Club Cafe', 'note': 'THE BOX POOL CAFE CLUB', 'opening_hours': 'Mo-Su 15:00-02:00', 'outdoor_seating': 'yes', 'smoking': 'yes'}"
OpenStreetMap,node,8326257115,osm_node_8326257115,restaurant Marhaba,,,Morocco,Nador,,Rue Ibn Rouchd زنقة ابن رشد,,35.1788313,-2.9277188,+212536603311,,,,"['international', 'fruit_de_mer']",[],,,,,,,,,,,,,2026-07-14T18:29:25.412104,"{'addr:city': 'Nador الناظور', 'addr:housenumber': '2', 'addr:street': 'Rue Ibn Rouchd زنقة ابن رشد', 'amenity': 'restaurant', 'cuisine': 'international;fruit_de_mer', 'fixme': 'restaurant Marhaba', 'name': 'restaurant Marhaba', 'phone': '+212 5 36 60 33 11'}"
OpenStreetMap,node,9682989325,osm_node_9682989325,Casa Juanito,,,Morocco,Nador,,,62000,35.1543873,-2.9112082,+212536380500,,,12:00-02:00,[],[],,,,https://facebook.com/pages/category/Seafood-Restaurant/Casa-Juanito-Nador-718066638307752,,,,,,,,,2026-07-14T18:29:25.412143,"{'addr:city': 'Nador الناظور', 'addr:city:ar': 'الناظور', 'addr:city:es': 'Nador', 'addr:postcode': '62000', 'amenity': 'restaurant', 'contact:facebook': 'https://facebook.com/pages/category/Seafood-Restaurant/Casa-Juanito-Nador-718066638307752', 'long_name': 'Restaurante Casa Juanito Nador', 'long_name:es': 'Restaurante Casa Juanito Nador', 'name': 'Casa Juanito', 'name:es': 'Casa Juanito', 'opening_hours': '12:00-02:00', 'phone': '+212 5 36 38 05 00'}"
OpenStreetMap,node,9682989326,osm_node_9682989326,Gran Rif,,,Morocco,Nador,,Bulevar Gran Rif,62000,35.1546307,-2.9116856,,,,,[],[],,,,,,,,,,,,,2026-07-14T18:29:25.412159,"{'addr:city': 'Nador الناظور', 'addr:city:ar': 'الناظور', 'addr:city:es': 'Nador', 'addr:postcode': '62000', 'addr:street': 'Bulevar Gran Rif', 'addr:street:es': 'Bulevar Gran Rif', 'amenity': 'restaurant', 'name': 'Gran Rif', 'name:es': 'Gran Rif'}"
OpenStreetMap,node,9682989327,osm_node_9682989327,Café Gran Vía,,,Morocco,Nador,,,,35.1547053,-2.9078233,+212536382819,,,,['pizza'],[],,,,,,,,,,,,,2026-07-14T18:29:25.412174,"{'addr:city': 'Nador الناظور', 'addr:city:ar': 'الناظور', 'addr:city:es': 'Nador', 'amenity': 'restaurant', 'cuisine': 'pizza', 'name': 'Café Gran Vía', 'name:es': 'Café Gran Vía', 'phone': '+212 5 36 38 28 19'}"
OpenStreetMap,node,9780119076,osm_node_9780119076,Snack day,,,Morocco,Nador,,,,35.1548471,-2.9113334,,,,,[],[],,,,,,,,,,,,,2026-07-14T18:29:25.412185,"{'amenity': 'fast_food', 'description': 'Fast food kiosk', 'name': 'Snack day'}"
OpenStreetMap,node,9780209288,osm_node_9780209288,Café Novo Class,,,Morocco,Nador,,Hay Essaada,,35.1489474,-2.9094359,+212536382095,,,,[],[],,,,,,,,,,,,,2026-07-14T18:29:25.412201,"{'addr:street': 'Hay Essaada', 'amenity': 'cafe', 'description': 'Café attached to a hotel', 'name': 'Café Novo Class', 'phone': '+212 5 36 38 20 95'}"
OpenStreetMap,node,9920482983,osm_node_9920482983,McDonald's,McDonald's,,Morocco,Nador,,,,35.187217,-2.9257858,,,,,['burger'],['Takeaway'],,,,,,,,wlan,,,,,2026-07-14T18:29:25.412216,"{'amenity': 'fast_food', 'brand': ""McDonald's"", 'brand:ar': 'ماكدونالدز', 'brand:fr': ""McDonald's"", 'brand:wikidata': 'Q38076', 'brand:wikipedia': ""fr:McDonald's"", 'cuisine': 'burger', 'internet_access': 'wlan', 'name': ""McDonald's"", 'name:ar': 'ماكدونالدز', 'name:fr': ""McDonald's"", 'takeaway': 'yes'}"
OpenStreetMap,node,10012456376,osm_node_10012456376,Ice House,,,Morocco,Nador,,,,35.1681848,-2.9455103,,,,,[],[],,,,,,,,,,,,,2026-07-14T18:29:25.412227,"{'amenity': 'restaurant', 'name': 'Ice House'}"
OpenStreetMap,node,10049250961,osm_node_10049250961,Los Pollos Hermanos,,,Morocco,Nador,,,,35.1711372,-2.9291776,,,,,['chicken'],[],,,,,,,,,,,,,2026-07-14T18:29:25.412239,"{'amenity': 'restaurant', 'cuisine': 'chicken', 'name': 'Los Pollos Hermanos', 'name:es': 'Los Pollos Hermanos'}"
OpenStreetMap,node,10981323809,osm_node_10981323809,,,,Morocco,Nador,,,,35.2045516,-2.913293,,,,,[],[],,,,,,,,,,,,,2026-07-14T18:29:25.412249,"{'amenity': 'bar', 'name:en': 'Tourisme- Hotel Mrchiga'}"
OpenStreetMap,node,11299670675,osm_node_11299670675,Restaurant Salpicon,,,Morocco,Nador,,QT ALMATAR RAZAN IMMEUBLE OUCHEN,,35.1528448,-2.9110183,+212536383795,https://www.instagram.com/RESTAURANT.SALPICON/,,12-00,"['italian', 'spanish', 'fish']",[],,,,,,,,,,,,,2026-07-14T18:29:25.412275,"{'addr:city': 'Nador الناظور', 'addr:housenumber': '04', 'addr:street': 'QT ALMATAR RAZAN IMMEUBLE OUCHEN', 'amenity': 'restaurant', 'cuisine': 'italian;spanish;fish', 'name': 'Restaurant Salpicon', 'name:en': 'Salpicon', 'opening_hours': '12-00', 'phone': '+212 5 36 38 37 95', 'website': 'https://www.instagram.com/RESTAURANT.SALPICON/'}"
OpenStreetMap,node,11904862453,osm_node_11904862453,,,,Morocco,Nador,,,,35.1745879,-2.9195351,,,,,[],[],,,,,,,,,,,,,2026-07-14T18:29:25.412285,{'amenity': 'cafe'}
OpenStreetMap,node,11907336069,osm_node_11907336069,Café Halli,,,Morocco,Nador,,,,35.17077,-2.9325039,,,,,[],[],,,,,,,,,,,,,2026-07-14T18:29:25.412297,"{'amenity': 'cafe', 'name': 'Café Halli'}"
OpenStreetMap,node,11907336169,osm_node_11907336169,Restaurant syrien,,,Morocco,Nador,,,,35.1729074,-2.9242705,,,,,[],[],,,,,,,,,,,,,2026-07-14T18:29:25.412308,"{'amenity': 'restaurant', 'name': 'Restaurant syrien'}"
OpenStreetMap,node,11908265593,osm_node_11908265593,Café Everest,,,Morocco,Nador,,,,35.1744883,-2.9223797,,,,,[],[],,,,,,,,,,,,,2026-07-14T18:29:25.412319,"{'amenity': 'cafe', 'name': 'Café Everest'}"
OpenStreetMap,node,11911062342,osm_node_11911062342,L'Artiste,,,Morocco,Nador,,,,35.1637996,-2.9085425,,,,Mo-Su 07:00-24:00,[],[],,,,https://www.facebook.com/lartiste.ca100bon/,,,,,,,,,2026-07-14T18:29:25.412337,"{'amenity': 'restaurant', 'contact:email': 'lartisteca100bon@gmail.com', 'contact:facebook': 'https://www.facebook.com/lartiste.ca100bon/', 'contact:phone': '+212 5 36 33 37 71', 'contact:website': 'https://l-artiste.ma/', 'name': ""L'Artiste"", 'opening_hours': 'Mo-Su 07:00-24:00'}"
OpenStreetMap,node,12518499603,osm_node_12518499603,,,,Morocco,Nador,,,,35.1731742,-2.9159568,,,,,[],[],,,,,,,,,,,,,2026-07-14T18:29:25.412347,{'amenity': 'restaurant'}
OpenStreetMap,node,12518499604,osm_node_12518499604,,,,Morocco,Nador,,,,35.173354,-2.9158281,,,,,[],[],,,,,,,,,,,,,2026-07-14T18:29:25.412357,{'amenity': 'restaurant'}
OpenStreetMap,node,12903226769,osm_node_12903226769,Cherry & Berry,,,Morocco,Nador,,,,35.1730952,-2.9153527,,,,,[],[],,,,,,,,,,,,,2026-07-14T18:29:25.412368,"{'amenity': 'cafe', 'name': 'Cherry & Berry'}"
OpenStreetMap,node,12903226843,osm_node_12903226843,Mina Rosita,,,Morocco,Nador,,,,35.1524663,-2.9157704,,,,"Mo-Su 00:00-01:00,07:00-24:00",[],"['Takeaway', 'Wheelchair Accessible']",,,,,https://www.instagram.com/​minarosita_restaurant/,,,,,,,,2026-07-14T18:29:25.412941,"{'amenity': 'cafe', 'contact:instagram': 'https://www.instagram.com/\u200bminarosita_restaurant/', 'contact:phone': '+212 8 08 67 26 87', 'name': 'Mina Rosita', 'opening_hours': 'Mo-Su 00:00-01:00,07:00-24:00', 'takeaway': 'yes', 'wheelchair': 'yes'}"
OpenStreetMap,node,12991123502,osm_node_12991123502,,,,Morocco,Nador,,,,35.1784259,-2.92667,,,,,[],[],,,,,,,,,,,,,2026-07-14T18:29:25.412955,{'amenity': 'cafe'}
OpenStreetMap,node,12991123601,osm_node_12991123601,,,,Morocco,Nador,,,,35.1784855,-2.9265278,,,,,[],[],,,,,,,,,,,,,2026-07-14T18:29:25.412965,{'amenity': 'cafe'}
OpenStreetMap,node,12991123701,osm_node_12991123701,,,,Morocco,Nador,,,,35.1783128,-2.9265921,,,,,[],[],,,,,,,,,,,,,2026-07-14T18:29:25.412974,{'amenity': 'cafe'}
OpenStreetMap,node,13566791701,osm_node_13566791701,,,,Morocco,Nador,,,,35.1775231,-2.9247209,,,,,[],[],,,,,,,,,,,,,2026-07-14T18:29:25.412983,{'amenity': 'restaurant'}
OpenStreetMap,node,13570374101,osm_node_13570374101,,,,Morocco,Nador,,,,35.1784654,-2.9236452,,,,,[],[],,,,,,,,,,,,,2026-07-14T18:29:25.412992,{'amenity': 'restaurant'}
OpenStreetMap,node,13587384401,osm_node_13587384401,Las Belgas,,,Morocco,Nador,,,,35.1789717,-2.9220735,,,,,"['burger', 'ice_cream', 'moroccan', 'pizza']",[],,,,,,,,,,,,,2026-07-14T18:29:25.413009,"{'amenity': 'restaurant', 'check_date': '2026-02-18', 'cuisine': 'burger;ice_cream;moroccan;pizza', 'name': 'Las Belgas'}"
OpenStreetMap,node,13765630301,osm_node_13765630301,Snack Bal Bal,,,Morocco,Nador,,,,35.185711,-2.9252211,,,,,[],[],,,,,,,,,,,,,2026-07-14T18:29:25.413020,"{'amenity': 'restaurant', 'name': 'Snack Bal Bal'}"
OpenStreetMap,node,13765630302,osm_node_13765630302,Crunchito,,,Morocco,Nador,,,,35.181132,-2.924235,,,,,[],[],,,,,,,,,,,,,2026-07-14T18:29:25.413030,"{'amenity': 'restaurant', 'name': 'Crunchito'}"
OpenStreetMap,node,13765630303,osm_node_13765630303,Snack El Ma3icha,,,Morocco,Nador,,,,35.180886,-2.924287,,,,Tu-Su 09:00-00:00; Mo 09:00-00:30,[],[],,,,,,,,,,,,,2026-07-14T18:29:25.413043,"{'amenity': 'restaurant', 'name': 'Snack El Ma3icha', 'opening_hours': 'Tu-Su 09:00-00:00; Mo 09:00-00:30'}"
OpenStreetMap,node,13765630304,osm_node_13765630304,Cafe Belgique,,,Morocco,Nador,,,,35.180752,-2.924246,,,,,[],[],,,,,,,,,,,,,2026-07-14T18:29:25.413053,"{'amenity': 'cafe', 'name': 'Cafe Belgique'}"
OpenStreetMap,node,13765630501,osm_node_13765630501,Gelato Nador,,,Morocco,Nador,,,,35.181091,-2.923646,,,,,[],[],,,,,,,,,,,,,2026-07-14T18:29:25.413063,"{'amenity': 'restaurant', 'name': 'Gelato Nador'}"
OpenStreetMap,way,1283797225,osm_way_1283797225,,,,Morocco,Nador,,,,35.1638256,-2.9072096,,,,,[],[],,,,,,,,,,,,,2026-07-14T18:29:25.413073,"{'amenity': 'restaurant', 'building': 'yes'}"
OpenStreetMap,way,1283797226,osm_way_1283797226,,,,Morocco,Nador,,,,35.1637481,-2.907515,,,,,[],[],,,,,,,,,,,,,2026-07-14T18:29:25.413083,"{'amenity': 'restaurant', 'building': 'yes'}"
OpenStreetMap,way,1283797229,osm_way_1283797229,Sushi Box,,,Morocco,Nador,,,,35.1639228,-2.9092238,+212536320972,,,,['sushi'],[],,,,,,,,,,,,,2026-07-14T18:29:25.413099,"{'amenity': 'restaurant', 'building': 'yes', 'cuisine': 'sushi', 'name': 'Sushi Box', 'phone': '+212 5 36 32 09 72'}"
OpenStreetMap,way,1492263606,osm_way_1492263606,,,,Morocco,Nador,,,,35.1527677,-2.910808,,,,,[],[],,,,,,,,,,,,,2026-07-14T18:29:25.413182,"{'amenity': 'restaurant', 'building': 'yes'}"
OpenStreetMap,node,1415786731,osm_node_1415786731,,,,Morocco,El Jadida,,,,33.2563141,-8.5055635,,,,,[],[],,,,,,,,,,,,,2026-07-14T18:29:34.145014,"{'amenity': 'cafe', 'description': 'three shops with one hall: tea, fried fish+veggies, soup+bread'}"
OpenStreetMap,node,2302374765,osm_node_2302374765,L'express café,,,Morocco,El Jadida,,,,33.2583801,-8.5100379,,,,,[],[],,,,,,,,,,,,,2026-07-14T18:29:34.145073,"{'amenity': 'cafe', 'name': ""L'express café""}"
OpenStreetMap,node,2429661216,osm_node_2429661216,,,,Morocco,El Jadida,,,,33.2439198,-8.4883865,,,,,['coffee_shop'],[],,,,,,,,,,,,,2026-07-14T18:29:34.145116,"{'amenity': 'cafe', 'cuisine': 'coffee_shop'}"
OpenStreetMap,node,2429661325,osm_node_2429661325,Ali Baba,,,Morocco,El Jadida,,,,33.2438658,-8.4887894,,,,,['french'],['Outdoor Seating'],,,,,,,,,yes,yes,,,2026-07-14T18:29:34.145160,"{'amenity': 'restaurant', 'cuisine': 'french', 'indoor_seating': 'yes', 'level': '1', 'name': 'Ali Baba', 'outdoor_seating': 'yes', 'payment:cards': 'yes', 'payment:cash': 'yes', 'payment:qr_code': 'no', 'reservation': 'yes', 'smoking': 'yes', 'wheelchair': 'no'}"
OpenStreetMap,node,4428807291,osm_node_4428807291,Café FALORA,,,Morocco,El Jadida,,,,33.2508245,-8.5320497,,,,,[],[],,,,,,,,wlan,,,,,2026-07-14T18:29:34.145197,"{'amenity': 'cafe', 'internet_access': 'wlan', 'name': 'Café FALORA', 'name:fr': 'Café FALORA'}"
OpenStreetMap,node,4570852089,osm_node_4570852089,MODHILA,,,Morocco,El Jadida,,,,33.2290005,-8.5007341,,,,,[],[],,,,,,,,,,,,,2026-07-14T18:29:34.145220,"{'amenity': 'cafe', 'name': 'MODHILA', 'name:fr': 'MODHILA'}"
OpenStreetMap,node,4758689221,osm_node_4758689221,,,,Morocco,El Jadida,,,,33.2536814,-8.5026094,,,,,['moroccan'],[],,,,,,,,,,,,,2026-07-14T18:29:34.145239,"{'amenity': 'restaurant', 'cuisine': 'moroccan', 'name:en': 'Snack Elbraija'}"
OpenStreetMap,node,5281953427,osm_node_5281953427,,,,Morocco,El Jadida,,,,33.2561257,-8.5043797,,,,,[],[],,,,,,,,,,,,,2026-07-14T18:29:34.145262,{'amenity': 'cafe'}
OpenStreetMap,node,5427000808,osm_node_5427000808,Restaurant Le Tit,,,Morocco,El Jadida,,,,33.2512385,-8.5016367,,,,,[],[],,,,,,,,,,,,,2026-07-14T18:29:34.145289,"{'amenity': 'restaurant', 'name': 'Restaurant Le Tit', 'name:fr': 'Restaurant Le Tit'}"
OpenStreetMap,node,5689173762,osm_node_5689173762,Cafe Pizzeria Cavalca,,,Morocco,El Jadida,,Avenue Mohammed VI,,33.2448903,-8.495248,,,,,[],[],,,,,,,,,,,,,2026-07-14T18:29:34.145312,"{'addr:street': 'Avenue Mohammed VI', 'amenity': 'restaurant', 'name': 'Cafe Pizzeria Cavalca', 'source': 'Kaart Ground Survey 2018'}"
OpenStreetMap,node,5689173783,osm_node_5689173783,Whatsapp Food,,,Morocco,El Jadida,,Rue Al Amal,,33.2433144,-8.4978712,,,,,[],[],,,,,,,,,,,,,2026-07-14T18:29:34.145334,"{'addr:street': 'Rue Al Amal', 'amenity': 'fast_food', 'name': 'Whatsapp Food', 'source': 'Kaart Ground Survey 2018'}"
OpenStreetMap,node,5689173815,osm_node_5689173815,Cafe Glacier Chams,,,Morocco,El Jadida,,Rue Abdelkader Ben Driga,,33.2471346,-8.4973535,,,,,[],[],,,,,,,,,,,,,2026-07-14T18:29:34.145356,"{'addr:street': 'Rue Abdelkader Ben Driga', 'amenity': 'cafe', 'name': 'Cafe Glacier Chams', 'source': 'Kaart Ground Survey 2018'}"
OpenStreetMap,node,5691213383,osm_node_5691213383,Bien Venue Cafe,,,Morocco,El Jadida,,Avenue Mohammed V,,33.246677,-8.5002387,,,,,[],[],,,,,,,,,,,,,2026-07-14T18:29:34.145377,"{'addr:street': 'Avenue Mohammed V', 'amenity': 'cafe', 'name': 'Bien Venue Cafe', 'source': 'Kaart Ground Survey 2018'}"
OpenStreetMap,node,5691213419,osm_node_5691213419,Espace Palmiers,,,Morocco,El Jadida,,Avenue Mohammed V,,33.2482674,-8.5008055,,,,,[],[],,,,,,,,,,,,,2026-07-14T18:29:34.145396,"{'addr:street': 'Avenue Mohammed V', 'amenity': 'restaurant', 'name': 'Espace Palmiers', 'source': 'Kaart Ground Survey 2018'}"
OpenStreetMap,node,5691213524,osm_node_5691213524,Cafe Dikra,,,Morocco,El Jadida,,Avenue Mohammed V,,33.2477694,-8.5005654,,,,,[],[],,,,,,,,,,,,,2026-07-14T18:29:34.145416,"{'addr:street': 'Avenue Mohammed V', 'amenity': 'cafe', 'name': 'Cafe Dikra', 'source': 'Kaart Ground Survey 2018'}"
OpenStreetMap,node,6145420585,osm_node_6145420585,Le Lokal,,,Morocco,El Jadida,,,,33.2564129,-8.5022374,,,,,[],[],,,,,,,,wlan,,,,,2026-07-14T18:29:34.145435,"{'amenity': 'cafe', 'internet_access': 'wlan', 'name': 'Le Lokal'}"
OpenStreetMap,node,6224969387,osm_node_6224969387,,,,Morocco,El Jadida,,,,33.2303194,-8.5281596,,,,,[],[],,,,,,,,,,,,,2026-07-14T18:29:34.145450,"{'amenity': 'cafe', 'name:fr': 'Plateau'}"
OpenStreetMap,node,6224969389,osm_node_6224969389,,,,Morocco,El Jadida,,,,33.2331698,-8.5296238,,,,,[],[],,,,,,,,,,,,,2026-07-14T18:29:34.145464,"{'amenity': 'cafe', 'name:fr': 'An nakhla'}"
OpenStreetMap,node,6224995985,osm_node_6224995985,,,,Morocco,El Jadida,,,,33.230212,-8.5284282,,,,,[],[],,,,,,,,,,,,,2026-07-14T18:29:34.145478,"{'amenity': 'cafe', 'name:fr': 'Marjana'}"
OpenStreetMap,node,6414903528,osm_node_6414903528,La Portugaise,,,Morocco,El Jadida,,,,33.2561191,-8.5031031,,,,,[],[],,,,,,,,,,,,,2026-07-14T18:29:34.145495,"{'amenity': 'restaurant', 'name': 'La Portugaise', 'name:en': 'La Portugaise'}"
OpenStreetMap,node,6431517386,osm_node_6431517386,,,,Morocco,El Jadida,,,,33.2520138,-8.5027505,,,,,[],[],,,,,,,,,,,,,2026-07-14T18:29:34.145510,"{'amenity': 'restaurant', 'name:en': 'Top snack'}"
OpenStreetMap,node,6431526186,osm_node_6431526186,Snack Bismillah,,,Morocco,El Jadida,,,,33.2558431,-8.5044118,,,,,"['moroccan', 'local']",[],,,,,,,,,,,,,2026-07-14T18:29:34.145530,"{'amenity': 'restaurant', 'cuisine': 'moroccan;local', 'name': 'Snack Bismillah', 'name:en': 'Snack Bismillah'}"
OpenStreetMap,node,6431536485,osm_node_6431536485,,,,Morocco,El Jadida,,,,33.2516279,-8.5025929,,,,,[],[],,,,,,,,,,,,,2026-07-14T18:29:34.145545,"{'amenity': 'restaurant', 'name:en': 'Cafe Restaurant le Français'}"
OpenStreetMap,node,6431536585,osm_node_6431536585,,,,Morocco,El Jadida,,,,33.2517288,-8.5026469,,,,,['chinese'],[],,,,,,,,,,,,,2026-07-14T18:29:34.145562,"{'amenity': 'restaurant', 'cuisine': 'chinese', 'name:en': 'Black boy'}"
OpenStreetMap,node,6689985785,osm_node_6689985785,,,,Morocco,El Jadida,,,,33.2385983,-8.5325791,,,,,[],[],,,,,,,,,,,,,2026-07-14T18:29:34.145577,"{'amenity': 'cafe', 'name:en': 'Café Zina', 'name:fr': 'Café Zina Mare'}"
OpenStreetMap,node,7222747484,osm_node_7222747484,Restaurant du port,,,Morocco,El Jadida,,,,33.2552479,-8.5002314,,,,,[],[],,,,,,,,,,,,,2026-07-14T18:29:34.145595,"{'amenity': 'restaurant', 'name': 'Restaurant du port'}"
OpenStreetMap,node,9469067344,osm_node_9469067344,Mille d'Or,,,Morocco,El Jadida,,,,33.2304437,-8.4845338,,,,,[],[],,,,,,,,,,,,,2026-07-14T18:29:34.145611,"{'amenity': 'cafe', 'name': ""Mille d'Or""}"
OpenStreetMap,node,9469084112,osm_node_9469084112,Adresse House,,,Morocco,El Jadida,,,,33.2293625,-8.4874194,,,,,[],[],,,,,,,,,,,,,2026-07-14T18:29:34.145628,"{'amenity': 'cafe', 'name': 'Adresse House'}"
OpenStreetMap,node,9537118817,osm_node_9537118817,,,,Morocco,El Jadida,,,,33.254105,-8.5013667,,,,,[],[],,,,,,,,,,,,,2026-07-14T18:29:34.145642,{'amenity': 'restaurant'}
OpenStreetMap,node,10034875017,osm_node_10034875017,Café Amira,,,Morocco,El Jadida,,,,33.2523602,-8.5145133,,,,,[],['Outdoor Seating'],,,,,,,,,,,,,2026-07-14T18:29:34.145661,"{'amenity': 'cafe', 'name': 'Café Amira', 'outdoor_seating': 'yes'}"
OpenStreetMap,node,10795479141,osm_node_10795479141,Café Malmo FF,,,Morocco,El Jadida,,,,33.2296382,-8.4932363,,,,,[],[],,,,,,,,,,,,,2026-07-14T18:29:34.145679,"{'alt_name': 'Café Malmö FF', 'amenity': 'cafe', 'name': 'Café Malmo FF'}"
OpenStreetMap,node,11393914387,osm_node_11393914387,Burger King,Burger King,,Morocco,El Jadida,,,,33.2396546,-8.4965032,,,,,['burger'],"['Takeaway', 'Outdoor Seating']",,,,,,,,wlan,,,,,2026-07-14T18:29:34.145704,"{'amenity': 'fast_food', 'brand': 'Burger King', 'brand:wikidata': 'Q177054', 'check_date': '2025-09-17', 'cuisine': 'burger', 'internet_access': 'wlan', 'name': 'Burger King', 'outdoor_seating': 'yes', 'takeaway': 'yes', 'toilets': 'no'}"
OpenStreetMap,node,11393914388,osm_node_11393914388,Shawarma Avenue,,,Morocco,El Jadida,,,,33.2398699,-8.49653,,,,,[],[],,,,,,,,,,,,,2026-07-14T18:29:34.145722,"{'amenity': 'restaurant', 'name': 'Shawarma Avenue'}"
OpenStreetMap,node,11394935909,osm_node_11394935909,Espace Etoile,,,Morocco,El Jadida,,,,33.2251127,-8.5024215,,,,,[],[],,,,,,,,,,,,,2026-07-14T18:29:34.145740,"{'amenity': 'cafe', 'name': 'Espace Etoile'}"
OpenStreetMap,node,11394935910,osm_node_11394935910,Jivara,,,Morocco,El Jadida,,,,33.2251306,-8.5025985,,,,,[],[],,,,,,,,,,,,,2026-07-14T18:29:34.145771,"{'amenity': 'cafe', 'name': 'Jivara'}"
OpenStreetMap,node,11394935916,osm_node_11394935916,Resto House,,,Morocco,El Jadida,,,,33.2247821,-8.5019316,,,,,[],[],,,,,,,,,,,,,2026-07-14T18:29:34.145787,"{'amenity': 'restaurant', 'name': 'Resto House'}"
OpenStreetMap,node,11395891514,osm_node_11395891514,La Falaise,,,Morocco,El Jadida,,,,33.2281368,-8.5044725,,,,,[],[],,,,,,,,,,,,,2026-07-14T18:29:34.145804,"{'amenity': 'cafe', 'name': 'La Falaise'}"
OpenStreetMap,node,11395891525,osm_node_11395891525,Nevada,,,Morocco,El Jadida,,,,33.2281667,-8.5045422,,,,,[],[],,,,,,,,,,,,,2026-07-14T18:29:34.145819,"{'amenity': 'cafe', 'name': 'Nevada'}"
OpenStreetMap,node,11395891565,osm_node_11395891565,Wharsapp Pool,,,Morocco,El Jadida,,,,33.2282856,-8.5054117,,,,,[],[],,,,,,,,,,,,,2026-07-14T18:29:34.145836,"{'amenity': 'restaurant', 'name': 'Wharsapp Pool'}"
OpenStreetMap,node,11395897477,osm_node_11395897477,Paoula,,,Morocco,El Jadida,,,,33.2283582,-8.506659,,,,,[],[],,,,,,,,,,,,,2026-07-14T18:29:34.145852,"{'amenity': 'cafe', 'name': 'Paoula'}"
OpenStreetMap,node,11397671116,osm_node_11397671116,Kalaat Naji,,,Morocco,El Jadida,,,,33.2450178,-8.4954533,,,,,[],[],,,,,,,,,,,,,2026-07-14T18:29:34.145868,"{'amenity': 'restaurant', 'name': 'Kalaat Naji'}"
OpenStreetMap,node,11398909828,osm_node_11398909828,Les Vagues,,,Morocco,El Jadida,,,,33.24736,-8.4948769,,,,,[],[],,,,,,,,,,,,,2026-07-14T18:29:34.145884,"{'amenity': 'cafe', 'name': 'Les Vagues'}"
OpenStreetMap,node,11403481671,osm_node_11403481671,Smiley Beach,,,Morocco,El Jadida,,,,33.2492285,-8.4985537,,,,,[],[],,,,,,,,,,,,,2026-07-14T18:29:34.145901,"{'amenity': 'cafe', 'name': 'Smiley Beach'}"
OpenStreetMap,node,11403481755,osm_node_11403481755,Puccini,,,Morocco,El Jadida,,,,33.24975,-8.4987361,,,,,[],[],,,,,,,,,,,,,2026-07-14T18:29:34.145917,"{'amenity': 'bar', 'name': 'Puccini'}"
OpenStreetMap,node,11414634721,osm_node_11414634721,MM Factory,,,Morocco,El Jadida,,,,33.225461,-8.5014482,,,,,[],[],,,,,,,,,,,,,2026-07-14T18:29:34.145945,"{'amenity': 'restaurant', 'name': 'MM Factory'}"
OpenStreetMap,node,11449368245,osm_node_11449368245,Four Sister,,,Morocco,El Jadida,,,,33.2324548,-8.486292,,,,,[],[],,,,,,,,,,,,,2026-07-14T18:29:34.145961,"{'amenity': 'restaurant', 'name': 'Four Sister'}"
OpenStreetMap,node,11449368246,osm_node_11449368246,102,,,Morocco,El Jadida,,,,33.2322185,-8.486478,,,,,[],[],,,,,,,,,,,,,2026-07-14T18:29:34.145977,"{'amenity': 'cafe', 'name': '102'}"
OpenStreetMap,node,11491738941,osm_node_11491738941,Zenga,,,Morocco,El Jadida,,,,33.2447487,-8.4950806,,,,,[],[],,,,,,,,,,,,,2026-07-14T18:29:34.145993,"{'amenity': 'restaurant', 'name': 'Zenga'}"
OpenStreetMap,node,11492080997,osm_node_11492080997,O'Parc,,,Morocco,El Jadida,,,,33.2468205,-8.4970234,,,,,[],[],,,,,,,,,,,,,2026-07-14T18:29:34.146008,"{'amenity': 'cafe', 'name': ""O'Parc""}"
OpenStreetMap,node,11492108871,osm_node_11492108871,El Khair,,,Morocco,El Jadida,,,,33.2424316,-8.4987839,,,,,[],[],,,,,,,,,,,,,2026-07-14T18:29:34.146024,"{'amenity': 'cafe', 'name': 'El Khair'}"
OpenStreetMap,node,11492108872,osm_node_11492108872,Jawhara,,,Morocco,El Jadida,,,,33.2426141,-8.4979256,,,,,[],[],,,,,,,,,,,,,2026-07-14T18:29:34.146040,"{'amenity': 'cafe', 'name': 'Jawhara'}"
OpenStreetMap,node,11492130144,osm_node_11492130144,Café de La Gare,,,Morocco,El Jadida,,,,33.2446902,-8.4993751,,,,,[],[],,,,,,,,,,,,,2026-07-14T18:29:34.146058,"{'amenity': 'cafe', 'name': 'Café de La Gare'}"
OpenStreetMap,node,11494132671,osm_node_11494132671,L'Araucaria,,,Morocco,El Jadida,,,,33.2473114,-8.497489,,,,,[],[],,,,,,,,,,,,,2026-07-14T18:29:34.146074,"{'amenity': 'restaurant', 'name': ""L'Araucaria""}"
OpenStreetMap,node,11494132672,osm_node_11494132672,Bingo,,,Morocco,El Jadida,,,,33.2469749,-8.4974819,,,,,[],[],,,,,,,,,,,,,2026-07-14T18:29:34.146090,"{'amenity': 'restaurant', 'name': 'Bingo'}"
OpenStreetMap,node,11494790694,osm_node_11494790694,Riad,,,Morocco,El Jadida,,,,33.2487023,-8.5010336,,,,,[],[],,,,,,,,,,,,,2026-07-14T18:29:34.146105,"{'amenity': 'cafe', 'name': 'Riad'}"
OpenStreetMap,node,11494802288,osm_node_11494802288,Oscar,,,Morocco,El Jadida,,,,33.2495192,-8.4995794,,,,,[],[],,,,,,,,,,,,,2026-07-14T18:29:34.146121,"{'amenity': 'cafe', 'name': 'Oscar'}"
OpenStreetMap,node,11508630505,osm_node_11508630505,Snack Lamrissa,,,Morocco,El Jadida,,,,33.2542316,-8.5028258,,,,,[],[],,,,,,,,,,,,,2026-07-14T18:29:34.146138,"{'amenity': 'restaurant', 'name': 'Snack Lamrissa'}"
OpenStreetMap,node,11508630545,osm_node_11508630545,Snack Aymen Marina,,,Morocco,El Jadida,,,,33.2547901,-8.5033591,,,,,[],[],,,,,,,,,,,,,2026-07-14T18:29:34.146155,"{'amenity': 'restaurant', 'name': 'Snack Aymen Marina'}"
OpenStreetMap,node,11508630546,osm_node_11508630546,Tacos de Ville,,,Morocco,El Jadida,,,,33.2547363,-8.5034896,,,,,[],[],,,,,,,,,,,,,2026-07-14T18:29:34.146172,"{'amenity': 'restaurant', 'name': 'Tacos de Ville'}"
OpenStreetMap,node,11508630556,osm_node_11508630556,Snack El Bahri,,,Morocco,El Jadida,,,,33.2546892,-8.5030186,,,,,[],[],,,,,,,,,,,,,2026-07-14T18:29:34.146189,"{'amenity': 'restaurant', 'name': 'Snack El Bahri'}"
OpenStreetMap,node,11508630564,osm_node_11508630564,Snack Al Borj,,,Morocco,El Jadida,,,,33.2548054,-8.5032072,,,,,[],[],,,,,,,,,,,,,2026-07-14T18:29:34.146205,"{'amenity': 'restaurant', 'name': 'Snack Al Borj'}"
OpenStreetMap,node,11510858547,osm_node_11510858547,Lokman,,,Morocco,El Jadida,,,,33.2548782,-8.5041454,,,,,[],[],,,,,,,,,,,,,2026-07-14T18:29:34.146221,"{'amenity': 'cafe', 'name': 'Lokman'}"
OpenStreetMap,node,11522989880,osm_node_11522989880,La Détente,,,Morocco,El Jadida,,,,33.2501519,-8.5038652,,,,,[],[],,,,,,,,,,,,,2026-07-14T18:29:34.146238,"{'amenity': 'cafe', 'name': 'La Détente'}"
OpenStreetMap,node,11522994394,osm_node_11522994394,Luigi,,,Morocco,El Jadida,,,,33.2492173,-8.5049848,,,,,['italian'],[],,,,,,,,,,,,,2026-07-14T18:29:34.146255,"{'amenity': 'restaurant', 'cuisine': 'italian', 'name': 'Luigi'}"
OpenStreetMap,node,11552197044,osm_node_11552197044,Café la Tulibe,,,Morocco,El Jadida,,,,33.2503697,-8.5006182,,,,,[],[],,,,,,,,,,,,,2026-07-14T18:29:34.146273,"{'amenity': 'cafe', 'name': 'Café la Tulibe'}"
OpenStreetMap,node,11771731027,osm_node_11771731027,Dar Atay,,,Morocco,El Jadida,,,,33.2563909,-8.5023244,,,,,[],[],,,,,,,,,,,,,2026-07-14T18:29:34.146290,"{'amenity': 'cafe', 'name': 'Dar Atay'}"
OpenStreetMap,node,11772770039,osm_node_11772770039,Haoua,,,Morocco,El Jadida,,,,33.2561712,-8.5026373,,,,,[],[],,,,,,,,,,,,,2026-07-14T18:29:34.146306,"{'amenity': 'cafe', 'name': 'Haoua'}"
OpenStreetMap,node,11772770260,osm_node_11772770260,Les Kechois,,,Morocco,El Jadida,,,,33.2558556,-8.5028848,,,,,[],[],,,,,,,,,,,,,2026-07-14T18:29:34.146323,"{'amenity': 'restaurant', 'name': 'Les Kechois'}"
OpenStreetMap,node,11805858149,osm_node_11805858149,La Détente,,,Morocco,El Jadida,,,,33.2502844,-8.5040006,,,,,[],[],,,,,,,,,,,,,2026-07-14T18:29:34.146339,"{'amenity': 'cafe', 'name': 'La Détente'}"
OpenStreetMap,node,11812007579,osm_node_11812007579,O'Delice Food,,,Morocco,El Jadida,,,,33.2559895,-8.5042958,,,,,[],[],,,,,,,,,,,,,2026-07-14T18:29:34.146356,"{'amenity': 'restaurant', 'name': ""O'Delice Food""}"
OpenStreetMap,node,12012890763,osm_node_12012890763,Arriadia,,,Morocco,El Jadida,,,,33.2517819,-8.5046571,,,,,[],[],,,,,,,,,,,,,2026-07-14T18:29:34.146372,"{'amenity': 'cafe', 'name': 'Arriadia'}"
OpenStreetMap,node,12012890764,osm_node_12012890764,Nzaha,,,Morocco,El Jadida,,,,33.2516645,-8.5048109,,,,,[],[],,,,,,,,,,,,,2026-07-14T18:29:34.146387,"{'amenity': 'cafe', 'name': 'Nzaha'}"
OpenStreetMap,node,12373789135,osm_node_12373789135,Il Cucina,,,Morocco,El Jadida,,,,33.2479023,-8.5097553,,,,,[],[],,,,,,,,,,,,,2026-07-14T18:29:34.146403,"{'amenity': 'restaurant', 'name': 'Il Cucina'}"
OpenStreetMap,node,12373789136,osm_node_12373789136,Tacos O'Mexico,,,Morocco,El Jadida,,,,33.2477864,-8.5096292,,,,,[],[],,,,,,,,,,,,,2026-07-14T18:29:34.146420,"{'amenity': 'restaurant', 'name': ""Tacos O'Mexico""}"
OpenStreetMap,node,13320006516,osm_node_13320006516,Le Tamaris,,,Morocco,El Jadida,,,,33.2522931,-8.5038458,,,,,[],[],,,,,,,,,,,,,2026-07-14T18:29:34.146436,"{'amenity': 'restaurant', 'name': 'Le Tamaris'}"
OpenStreetMap,node,13773572401,osm_node_13773572401,Jus & Fast Food Chez Ali,,,Morocco,El Jadida,,,,33.258456,-8.510009,,,,,[],[],,,,,,,,,,,,,2026-07-14T18:29:34.146456,"{'amenity': 'restaurant', 'name': 'Jus & Fast Food Chez Ali'}"
OpenStreetMap,node,13853047801,osm_node_13853047801,Snack Al Massira,,,Morocco,El Jadida,,Place de France,,33.2425,-8.498013,,,,,"['moroccan', 'pizza', 'sandwich']",[],,,,,,,,,,,,,2026-07-14T18:29:34.146478,"{'addr:street': 'Place de France', 'amenity': 'fast_food', 'cuisine': 'moroccan;pizza;sandwich', 'name': 'Snack Al Massira'}"
OpenStreetMap,node,13941778665,osm_node_13941778665,Dar Lhout,,,Morocco,El Jadida,,,,33.2516328,-8.5293598,,,,,['seafood'],['Outdoor Seating'],,,,,,,,,,,,,2026-07-14T18:29:34.146501,"{'amenity': 'restaurant', 'cuisine': 'seafood', 'indoor_seating': 'yes', 'name': 'Dar Lhout', 'outdoor_seating': 'yes', 'payment:cards': 'yes', 'payment:cash': 'yes', 'payment:qr_code': 'no', 'wheelchair': 'no'}"
OpenStreetMap,node,13945075557,osm_node_13945075557,Le Figuig,,,Morocco,El Jadida,,,,33.2484283,-8.5004493,+212808577291,,,,[],[],,,,,,,,,,,,,2026-07-14T18:29:34.146525,"{'addr:housenumber': '2', 'addr:place': 'El Jadida', 'amenity': 'restaurant', 'name': 'Le Figuig', 'phone': '+212 8 08 57 72 91', 'toilets': 'yes'}"
OpenStreetMap,way,597538745,osm_way_597538745,McDonald's,McDonald's,,Morocco,El Jadida,,,,33.2437993,-8.4828847,,,,,['burger'],['Takeaway'],,,,,,,,,,,,,2026-07-14T18:29:34.146547,"{'amenity': 'fast_food', 'brand': ""McDonald's"", 'brand:ar': 'مكدونالدز', 'brand:es': ""McDonald's"", 'brand:fr': ""McDonald's"", 'brand:wikidata': 'Q38076', 'brand:wikipedia': ""fr:McDonald's"", 'building': 'commercial', 'cuisine': 'burger', 'name': ""McDonald's"", 'name:ar': 'مكدونالدز', 'name:es': ""McDonald's"", 'name:fr': ""McDonald's"", 'takeaway': 'yes'}"
OpenStreetMap,way,1098822712,osm_way_1098822712,KFC,KFC,,Morocco,El Jadida,,,,33.2439463,-8.4833257,,,,,['chicken'],['Takeaway'],,,,,,,,,,,,,2026-07-14T18:29:34.146567,"{'alt_name': 'PFK;Poulet Frit Kentucky', 'alt_name:fr': 'PFK;Poulet Frit Kentucky', 'amenity': 'fast_food', 'brand': 'KFC', 'brand:ar': 'دجاج كنتاكي', 'brand:fr': 'KFC', 'brand:wikidata': 'Q524757', 'brand:wikipedia': 'fr:Kentucky Fried Chicken', 'building': 'yes', 'cuisine': 'chicken', 'name': 'KFC', 'name:ar': 'دجاج كنتاكي', 'name:fr': 'KFC', 'takeaway': 'yes'}"
OpenStreetMap,way,1228460036,osm_way_1228460036,La Grillardière,,,Morocco,El Jadida,,,,33.2437976,-8.4841071,,,,,[],[],,,,,,,,,,,,,2026-07-14T18:29:34.146585,"{'amenity': 'restaurant', 'building': 'yes', 'name': 'La Grillardière'}"
OpenStreetMap,way,1228460050,osm_way_1228460050,Bar Marrakech,,,Morocco,El Jadida,,,,33.2418123,-8.4878309,,,,,[],[],,,,,,,,,,,,,2026-07-14T18:29:34.146602,"{'amenity': 'bar', 'building': 'yes', 'name': 'Bar Marrakech'}"
OpenStreetMap,way,1228460051,osm_way_1228460051,Bar El Khaima,,,Morocco,El Jadida,,,,33.242464,-8.4877318,,,,,[],[],,,,,,,,,,,,,2026-07-14T18:29:34.146620,"{'amenity': 'bar', 'building': 'yes', 'name': 'Bar El Khaima'}"
OpenStreetMap,way,1228460061,osm_way_1228460061,Oasis,,,Morocco,El Jadida,,,,33.2444766,-8.490674,,,,,[],[],,,,,,,,,,,,,2026-07-14T18:29:34.146635,"{'amenity': 'restaurant', 'building': 'yes', 'name': 'Oasis'}"
OpenStreetMap,way,1228605159,osm_way_1228605159,Amwaj,,,Morocco,El Jadida,,,,33.2441176,-8.4788256,,,,,[],[],,,,,,,,,,,,,2026-07-14T18:29:34.146651,"{'amenity': 'restaurant', 'building': 'yes', 'name': 'Amwaj'}"
OpenStreetMap,way,1228611934,osm_way_1228611934,Samurai,,,Morocco,El Jadida,,,,33.2377593,-8.4954123,,,,,['chinese'],[],,,,,,,,,,,,,2026-07-14T18:29:34.146668,"{'amenity': 'restaurant', 'building': 'apartments', 'cuisine': 'chinese', 'name': 'Samurai'}"
OpenStreetMap,way,1228611947,osm_way_1228611947,Burger King,Burger King,,Morocco,El Jadida,,,,33.239855,-8.4966824,,,,,['burger'],['Takeaway'],,,,,,,,,,,,,2026-07-14T18:29:34.146691,"{'amenity': 'fast_food', 'brand': 'Burger King', 'brand:wikidata': 'Q177054', 'building': 'yes', 'cuisine': 'burger', 'name': 'Burger King', 'takeaway': 'yes'}"
OpenStreetMap,way,1228640502,osm_way_1228640502,,,,Morocco,El Jadida,,,,33.2431803,-8.4705685,,,,,[],[],,,,,,,,,,,,,2026-07-14T18:29:34.146705,"{'amenity': 'cafe', 'building': 'yes'}"
OpenStreetMap,way,1228724890,osm_way_1228724890,Istanbul,,,Morocco,El Jadida,,,,33.2244568,-8.5004322,,,,,[],[],,,,,,,,,,,,,2026-07-14T18:29:34.146720,"{'amenity': 'cafe', 'building': 'yes', 'name': 'Istanbul'}"
OpenStreetMap,way,1228824932,osm_way_1228824932,Paoula,,,Morocco,El Jadida,,,,33.2283492,-8.5067416,,,,,[],[],,,,,,,,,,,,,2026-07-14T18:29:34.146736,"{'amenity': 'cafe', 'building': 'yes', 'name': 'Paoula'}"
OpenStreetMap,way,1228824950,osm_way_1228824950,Formidable,,,Morocco,El Jadida,,,,33.2271703,-8.5069356,,,,,[],[],,,,,,,,,,,,,2026-07-14T18:29:34.146752,"{'amenity': 'cafe', 'building': 'yes', 'name': 'Formidable'}"
OpenStreetMap,way,1228881050,osm_way_1228881050,La Mémoire,,,Morocco,El Jadida,,,,33.2268288,-8.4987809,,,,,[],[],,,,,,,,,,,,,2026-07-14T18:29:34.146769,"{'amenity': 'cafe', 'building': 'yes', 'name': 'La Mémoire'}"
OpenStreetMap,way,1228897972,osm_way_1228897972,Azzaytouna,,,Morocco,El Jadida,,,,33.2284061,-8.4996302,,,,,[],[],,,,,,,,,,,,,2026-07-14T18:29:34.146786,"{'amenity': 'cafe', 'building': 'yes', 'name': 'Azzaytouna'}"
OpenStreetMap,way,1228905452,osm_way_1228905452,,,,Morocco,El Jadida,,,,33.2285014,-8.504595,,,,,['juice'],[],,,,,,,,,,,,,2026-07-14T18:29:34.146801,"{'amenity': 'fast_food', 'building': 'yes', 'cuisine': 'juice'}"
OpenStreetMap,way,1228914994,osm_way_1228914994,Maison Z,,,Morocco,El Jadida,,,,33.2247167,-8.4984993,,,,,[],[],,,,,,,,,,,,,2026-07-14T18:29:34.146819,"{'amenity': 'restaurant', 'building': 'yes', 'name': 'Maison Z'}"
OpenStreetMap,way,1228928811,osm_way_1228928811,Venezia Ice,,,Morocco,El Jadida,,,,33.2354384,-8.503962,,,,,[],[],,,,,,,,,,,,,2026-07-14T18:29:34.146835,"{'amenity': 'cafe', 'building': 'yes', 'name': 'Venezia Ice'}"
OpenStreetMap,way,1228951720,osm_way_1228951720,La Vallée,,,Morocco,El Jadida,,,,33.2340934,-8.4991707,,,,,[],[],,,,,,,,,,,,,2026-07-14T18:29:34.146851,"{'amenity': 'cafe', 'building': 'yes', 'name': 'La Vallée'}"
OpenStreetMap,way,1229050930,osm_way_1229050930,Amista,,,Morocco,El Jadida,,,,33.2408852,-8.4947928,,,,,[],[],,,,,,,,,,,,,2026-07-14T18:29:34.146868,"{'amenity': 'restaurant', 'building': 'yes', 'name': 'Amista'}"
OpenStreetMap,way,1229119860,osm_way_1229119860,Hill Side Coffee,,,Morocco,El Jadida,,,,33.2389285,-8.4977128,,,,,[],[],,,,,,,,,,,,,2026-07-14T18:29:34.146885,"{'amenity': 'cafe', 'building': 'yes', 'name': 'Hill Side Coffee'}"
OpenStreetMap,way,1229154213,osm_way_1229154213,Solymar,,,Morocco,El Jadida,,,,33.2472824,-8.4947398,,,,,[],[],,,,,,,,,,,,,2026-07-14T18:29:34.146902,"{'amenity': 'cafe', 'building': 'yes', 'name': 'Solymar'}"
OpenStreetMap,way,1229154214,osm_way_1229154214,,,,Morocco,El Jadida,,,,33.2473578,-8.4948744,,,,,[],[],,,,,,,,,,,,,2026-07-14T18:29:34.146916,"{'amenity': 'cafe', 'building': 'yes'}"
OpenStreetMap,way,1229154215,osm_way_1229154215,Yasmina,,,Morocco,El Jadida,,,,33.2474369,-8.4950091,,,,,[],[],,,,,,,,,,,,,2026-07-14T18:29:34.146932,"{'amenity': 'cafe', 'building': 'yes', 'name': 'Yasmina'}"
OpenStreetMap,way,1229182345,osm_way_1229182345,Les Terrasses,,,Morocco,El Jadida,,,,33.2399127,-8.5093071,,,,,[],[],,,,,,,,,,,,,2026-07-14T18:29:34.146949,"{'amenity': 'restaurant', 'building': 'yes', 'name': 'Les Terrasses'}"
OpenStreetMap,way,1229705083,osm_way_1229705083,Mwaline Babouch,,,Morocco,El Jadida,,,,33.2513549,-8.5007299,,,,,[],[],,,,,,,,,,,,,2026-07-14T18:29:34.146966,"{'amenity': 'restaurant', 'building': 'yes', 'name': 'Mwaline Babouch'}"
OpenStreetMap,way,1229712336,osm_way_1229712336,La Costa,,,Morocco,El Jadida,,,,33.2500122,-8.4982895,,,,,[],[],,,,,,,,,,,,,2026-07-14T18:29:34.146983,"{'amenity': 'cafe', 'building': 'yes', 'name': 'La Costa'}"
OpenStreetMap,way,1229712337,osm_way_1229712337,La Varenne,,,Morocco,El Jadida,,,,33.2503097,-8.4986391,,,,,[],[],,,,,,,,,,,,,2026-07-14T18:29:34.146999,"{'amenity': 'cafe', 'building': 'yes', 'name': 'La Varenne'}"
OpenStreetMap,way,1229712338,osm_way_1229712338,La Rose,,,Morocco,El Jadida,,,,33.2504559,-8.4988099,,,,,[],[],,,,,,,,,,,,,2026-07-14T18:29:34.147016,"{'amenity': 'cafe', 'building': 'yes', 'name': 'La Rose'}"
OpenStreetMap,way,1229712339,osm_way_1229712339,Dades Diamantine,,,Morocco,El Jadida,,,,33.2506405,-8.4990335,,,,,[],[],,,,,,,,,,,,,2026-07-14T18:29:34.147032,"{'amenity': 'cafe', 'building': 'yes', 'name': 'Dades Diamantine'}"
OpenStreetMap,way,1229712340,osm_way_1229712340,Les 4 Dauphins,,,Morocco,El Jadida,,,,33.2507808,-8.4992019,,,,,[],[],,,,,,,,,,,,,2026-07-14T18:29:34.147050,"{'amenity': 'cafe', 'building': 'yes', 'name': 'Les 4 Dauphins'}"
OpenStreetMap,way,1231781629,osm_way_1231781629,Le Colloque,,,Morocco,El Jadida,,,,33.2289429,-8.4891821,,,,,[],[],,,,,,,,,,,,,2026-07-14T18:29:34.147067,"{'amenity': 'restaurant', 'building': 'yes', 'name': 'Le Colloque'}"
OpenStreetMap,way,1231781644,osm_way_1231781644,101,,,Morocco,El Jadida,,,,33.2297113,-8.4885937,,,,,[],[],,,,,,,,,,,,,2026-07-14T18:29:34.147083,"{'amenity': 'restaurant', 'building': 'yes', 'name': '101'}"
OpenStreetMap,way,1233817598,osm_way_1233817598,,,,Morocco,El Jadida,,,,33.2293479,-8.4874086,,,,,[],[],,,,,,,,,,,,,2026-07-14T18:29:34.147097,"{'amenity': 'restaurant', 'building': 'yes'}"
OpenStreetMap,way,1233818362,osm_way_1233818362,,,,Morocco,El Jadida,,,,33.2312965,-8.4867626,,,,,[],[],,,,,,,,,,,,,2026-07-14T18:29:34.147131,"{'amenity': 'restaurant', 'building': 'yes'}"
OpenStreetMap,way,1237314916,osm_way_1237314916,,,,Morocco,El Jadida,,,,33.2418409,-8.4989324,,,,,[],[],,,,,,,,,,,,,2026-07-14T18:29:34.147145,"{'amenity': 'cafe', 'building': 'yes'}"
OpenStreetMap,way,1237779597,osm_way_1237779597,La Kasbah,,,Morocco,El Jadida,,,,33.2450164,-8.5008877,,,,,[],[],,,,,,,,,,,,,2026-07-14T18:29:34.147162,"{'amenity': 'cafe', 'building': 'yes', 'name': 'La Kasbah'}"
OpenStreetMap,way,1238838573,osm_way_1238838573,Espace Bouchrit,,,Morocco,El Jadida,,,,33.2518521,-8.5027516,,,,,[],[],,,,,,,,,,,,,2026-07-14T18:29:34.147178,"{'amenity': 'restaurant', 'building': 'yes', 'name': 'Espace Bouchrit'}"
OpenStreetMap,way,1238838575,osm_way_1238838575,Tropical,,,Morocco,El Jadida,,,,33.2517579,-8.5027029,,,,,['juice'],[],,,,,,,,,,,,,2026-07-14T18:29:34.147196,"{'amenity': 'fast_food', 'building': 'yes', 'cuisine': 'juice', 'name': 'Tropical'}"
OpenStreetMap,way,1238838576,osm_way_1238838576,Espace Théatre,,,Morocco,El Jadida,,,,33.2517177,-8.5026821,,,,,[],[],,,,,,,,,,,,,2026-07-14T18:29:34.147213,"{'amenity': 'restaurant', 'building': 'yes', 'name': 'Espace Théatre'}"
OpenStreetMap,way,1238838577,osm_way_1238838577,Ayour Tacos,,,Morocco,El Jadida,,,,33.2516811,-8.5026625,,,,,[],[],,,,,,,,,,,,,2026-07-14T18:29:34.147229,"{'amenity': 'restaurant', 'building': 'yes', 'name': 'Ayour Tacos'}"
OpenStreetMap,way,1238838578,osm_way_1238838578,Snack France,,,Morocco,El Jadida,,,,33.2515968,-8.5026593,,,,,[],[],,,,,,,,,,,,,2026-07-14T18:29:34.147246,"{'amenity': 'restaurant', 'building': 'yes', 'name': 'Snack France'}"
OpenStreetMap,way,1238838581,osm_way_1238838581,Magic Deserts,,,Morocco,El Jadida,,,,33.2514038,-8.5026674,,,,,[],[],,,,,,,,,,,,,2026-07-14T18:29:34.147262,"{'amenity': 'restaurant', 'building': 'yes', 'name': 'Magic Deserts'}"
OpenStreetMap,way,1238838582,osm_way_1238838582,Snack Dauphin,,,Morocco,El Jadida,,,,33.2513239,-8.5027581,,,,,[],[],,,,,,,,,,,,,2026-07-14T18:29:34.147278,"{'amenity': 'restaurant', 'building': 'yes', 'name': 'Snack Dauphin'}"
OpenStreetMap,way,1238838584,osm_way_1238838584,Snack Lozan,,,Morocco,El Jadida,,,,33.2511475,-8.5029722,,,,,[],[],,,,,,,,,,,,,2026-07-14T18:29:34.147295,"{'amenity': 'restaurant', 'building': 'yes', 'name': 'Snack Lozan'}"
OpenStreetMap,way,1238838586,osm_way_1238838586,Regalito,,,Morocco,El Jadida,,,,33.2510365,-8.5031178,,,,,[],[],,,,,,,,,,,,,2026-07-14T18:29:34.147311,"{'amenity': 'restaurant', 'building': 'yes', 'name': 'Regalito'}"
OpenStreetMap,way,1238838587,osm_way_1238838587,Tout Va Bien,,,Morocco,El Jadida,,,,33.2509906,-8.5032161,,,,,[],[],,,,,,,,,,,,,2026-07-14T18:29:34.147328,"{'amenity': 'cafe', 'building': 'yes', 'name': 'Tout Va Bien'}"
OpenStreetMap,way,1238838597,osm_way_1238838597,,,,Morocco,El Jadida,,,,33.2516921,-8.5026985,,,,,[],[],,,,,,,,,,,,,2026-07-14T18:29:34.147342,"{'amenity': 'bar', 'building': 'yes'}"
OpenStreetMap,way,1238838604,osm_way_1238838604,Big One,,,Morocco,El Jadida,,,,33.2521339,-8.5029189,,,,,[],[],,,,,,,,,,,,,2026-07-14T18:29:34.147359,"{'amenity': 'restaurant', 'building': 'yes', 'name': 'Big One'}"
OpenStreetMap,way,1238838605,osm_way_1238838605,Les Négociants,,,Morocco,El Jadida,,,,33.2520532,-8.5028732,,,,,[],[],,,,,,,,,,,,,2026-07-14T18:29:34.147375,"{'amenity': 'bar', 'building': 'yes', 'name': 'Les Négociants'}"
OpenStreetMap,way,1238838608,osm_way_1238838608,Bouanba,,,Morocco,El Jadida,,,,33.2519273,-8.5031948,,,,,[],[],,,,,,,,,,,,,2026-07-14T18:29:34.147392,"{'amenity': 'restaurant', 'building': 'yes', 'name': 'Bouanba'}"
OpenStreetMap,way,1238900531,osm_way_1238900531,Zahwa,,,Morocco,El Jadida,,,,33.2523112,-8.503512,,,,,[],[],,,,,,,,,,,,,2026-07-14T18:29:34.147407,"{'amenity': 'cafe', 'building': 'yes', 'name': 'Zahwa'}"
OpenStreetMap,way,1238965372,osm_way_1238965372,Mrizika,,,Morocco,El Jadida,,,,33.2542178,-8.5010607,,,,,[],[],,,,,,,,,,,,,2026-07-14T18:29:34.147422,"{'amenity': 'restaurant', 'building': 'yes', 'name': 'Mrizika'}"
OpenStreetMap,way,1238965374,osm_way_1238965374,Pesca,,,Morocco,El Jadida,,,,33.2547432,-8.5006472,,,,,[],[],,,,,,,,,,,,,2026-07-14T18:29:34.147438,"{'amenity': 'restaurant', 'building': 'yes', 'name': 'Pesca'}"
OpenStreetMap,way,1238965376,osm_way_1238965376,Port,,,Morocco,El Jadida,,,,33.2551916,-8.5002881,,,,,[],[],,,,,,,,,,,,,2026-07-14T18:29:34.147455,"{'amenity': 'restaurant', 'building': 'yes', 'name': 'Port'}"
OpenStreetMap,way,1238965396,osm_way_1238965396,Ex Quick,,,Morocco,El Jadida,,,,33.2534953,-8.5013736,,,,,[],[],,,,,,,,,,,,,2026-07-14T18:29:34.147471,"{'amenity': 'restaurant', 'building': 'abandoned', 'name': 'Ex Quick'}"
OpenStreetMap,way,1239128847,osm_way_1239128847,Tchikito,,,Morocco,El Jadida,,,,33.2549953,-8.5044983,,,,,[],[],,,,,,,,,,,,,2026-07-14T18:29:34.147487,"{'amenity': 'restaurant', 'building': 'yes', 'name': 'Tchikito'}"
OpenStreetMap,way,1239467834,osm_way_1239467834,,,,Morocco,El Jadida,,,,33.2457033,-8.5047483,,,,,[],[],,,,,,,,,,,,,2026-07-14T18:29:34.147502,"{'amenity': 'fast_food', 'building': 'yes', 'fast_food': 'cafeteria'}"
OpenStreetMap,way,1267180351,osm_way_1267180351,,,,Morocco,El Jadida,,,,33.2561938,-8.5008882,,,,,[],[],,,,,,,,,,,,,2026-07-14T18:29:34.147516,"{'amenity': 'restaurant', 'building': 'yes'}"
OpenStreetMap,way,1267180354,osm_way_1267180354,,,,Morocco,El Jadida,,,,33.2563293,-8.5010381,,,,,[],[],,,,,,,,,,,,,2026-07-14T18:29:34.147530,"{'amenity': 'restaurant', 'building': 'yes'}"
OpenStreetMap,way,1267462555,osm_way_1267462555,Le Lokal,,,Morocco,El Jadida,,,,33.256382,-8.5022099,,,,,[],[],,,,,,,,,,,,,2026-07-14T18:29:34.147547,"{'amenity': 'restaurant', 'building': 'yes', 'name': 'Le Lokal'}"
OpenStreetMap,way,1267780565,osm_way_1267780565,Café do Mar,,,Morocco,El Jadida,,,,33.2568235,-8.5014832,,,,,[],[],,,,,,,,,,,,,2026-07-14T18:29:34.147564,"{'amenity': 'cafe', 'building': 'yes', 'name': 'Café do Mar'}"
OpenStreetMap,way,1267780573,osm_way_1267780573,Riad Eucalyptus,,,Morocco,El Jadida,,,,33.2569845,-8.5020144,,,,,[],[],,,,,,,,,,,,,2026-07-14T18:29:34.147580,"{'amenity': 'restaurant', 'building': 'yes', 'name': 'Riad Eucalyptus'}"
OpenStreetMap,way,1267780574,osm_way_1267780574,L'Iglesia,,,Morocco,El Jadida,,,,33.2569902,-8.5018942,,,,,[],[],,,,,,,,,,,,,2026-07-14T18:29:34.147596,"{'amenity': 'restaurant', 'building': 'yes', 'name': ""L'Iglesia""}"
OpenStreetMap,way,1271720927,osm_way_1271720927,Café Fikhra,,,Morocco,El Jadida,,,,33.2574316,-8.5050114,,,,,[],[],,,,,,,,,,,,,2026-07-14T18:29:34.147613,"{'amenity': 'cafe', 'building': 'yes', 'name': 'Café Fikhra'}"
OpenStreetMap,way,1272016600,osm_way_1272016600,La Perle,,,Morocco,El Jadida,,,,33.2560571,-8.5043339,,,,,[],[],,,,,,,,,,,,,2026-07-14T18:29:34.147629,"{'amenity': 'restaurant', 'building': 'yes', 'name': 'La Perle'}"
OpenStreetMap,way,1272364931,osm_way_1272364931,Weld El-Lawya,,,Morocco,El Jadida,,,,33.2550042,-8.5054853,,,,,[],[],,,,,,,,,,,,,2026-07-14T18:29:34.147646,"{'amenity': 'cafe', 'building': 'yes', 'name': 'Weld El-Lawya'}"
OpenStreetMap,way,1308827864,osm_way_1308827864,Mia Thé & Jardin,,,Morocco,El Jadida,,,24000,33.2443829,-8.4889144,+212662271889,,,,[],"['Outdoor Seating', 'Wheelchair Accessible']",,,,,,,,,,,,,2026-07-14T18:29:34.147673,"{'addr:city': 'El Jadida ⵍⵊⴰⴷⵉⴷⴰ الجديدة', 'addr:place': 'Place Nour El Kamar', 'addr:postcode': '24000', 'air_conditioning': 'yes', 'amenity': 'cafe', 'building': 'retail', 'name': 'Mia Thé & Jardin', 'outdoor_seating': 'yes', 'payment:cards': 'yes', 'payment:cash': 'yes', 'payment:qr_code': 'no', 'phone': '+212 6 62 271 889', 'toilets': 'yes', 'wheelchair': 'yes'}"
OpenStreetMap,way,1308827893,osm_way_1308827893,,,,Morocco,El Jadida,,,,33.2440062,-8.471106,,,,,[],[],,,,,,,,,,,,,2026-07-14T18:29:34.147687,"{'amenity': 'restaurant', 'building': 'yes'}"
OpenStreetMap,way,1308880309,osm_way_1308880309,Restaurant M.M,,,Morocco,El Jadida,,,,33.2438975,-8.4776918,,,,,[],[],,,,,,,,,,,,,2026-07-14T18:29:34.147705,"{'amenity': 'restaurant', 'building': 'yes', 'name': 'Restaurant M.M'}"
OpenStreetMap,way,1311587009,osm_way_1311587009,Café Chaimaa,,,Morocco,El Jadida,,,,33.2329685,-8.536864,,,,,[],[],,,,,,,,,,,,,2026-07-14T18:29:34.147722,"{'amenity': 'cafe', 'building': 'yes', 'name': 'Café Chaimaa'}"
OpenStreetMap,way,1314003937,osm_way_1314003937,La Qualita,,,Morocco,El Jadida,,,,33.2267629,-8.4990274,,,,,[],[],,,,,,,,,,,,,2026-07-14T18:29:34.147739,"{'amenity': 'cafe', 'building': 'yes', 'name': 'La Qualita'}"
OpenStreetMap,way,1334546844,osm_way_1334546844,Café Marmara,,,Morocco,El Jadida,,,,33.2443016,-8.5130888,,,,,[],[],,,,,,,,,,,,,2026-07-14T18:29:34.147755,"{'amenity': 'cafe', 'building': 'yes', 'name': 'Café Marmara'}"
OpenStreetMap,way,1334546858,osm_way_1334546858,Café Cappuccino,,,Morocco,El Jadida,,,,33.2448743,-8.5124357,,,,,[],[],,,,,,,,,,,,,2026-07-14T18:29:34.147772,"{'amenity': 'cafe', 'building': 'yes', 'name': 'Café Cappuccino'}"
